ID_estudo,Referencia,Questao,Descricao_da_questao,Pontuacao,Justificativa,Evidencia_secao_pagina,Revisor
E01,"Marai, G. E. (2018). Activity-Centered Domain Characterization for Problem-Driven Scientific Visualization. IEEE TVCG, 24(1).",QA1,O objetivo do estudo esta claramente definido?,1,Objetivo explicito no resumo e na introducao: propor framework e modelo ponta-a-ponta de ER para design de visualizacao orientada a problemas. Contribuicoes listadas em topicos.,Resumo; Secao 1 (final),Ok
E01,"Marai, G. E. (2018). Activity-Centered Domain Characterization for Problem-Driven Scientific Visualization. IEEE TVCG, 24(1).",QA2,O contexto de desenvolvimento de software/digital esta descrito?,1,Contexto digital descrito: sistema de visualizacao (representacoes visuais + interacao sobre dados); projetos interdisciplinares com dominios concretos.,Secao 2; Secao 4.1,Ok
E01,"Marai, G. E. (2018). Activity-Centered Domain Characterization for Problem-Driven Scientific Visualization. IEEE TVCG, 24(1).",QA3,A abordagem de ER e explicitada?,1,"ER e o eixo do trabalho: domain characterization tratada como requirements elicitation; cobre elicitacao, analise, especificacao e validacao, com tecnicas nomeadas.",Secao 2; Secao 3,Ok
E01,"Marai, G. E. (2018). Activity-Centered Domain Characterization for Problem-Driven Scientific Visualization. IEEE TVCG, 24(1).",QA4,A abordagem de design e explicitada?,1,"Activity-Centered Design definido e fundamentado (Norman, Activity Theory), apresentado como evolucao do Human-Centered Design.",Secao 1; Secao 3,Ok
E01,"Marai, G. E. (2018). Activity-Centered Domain Characterization for Problem-Driven Scientific Visualization. IEEE TVCG, 24(1).",QA5,A forma de integracao entre ER e design e descrita com detalhes suficientes?,1,"Nucleo do artigo: modelo em rede de 4 estagios e importacao das functional specifications da eng. de software para o nested model de design. Fluxo, papeis, artefatos e tempos por etapa.",Secao 3; Secao 5.1,Ok
E01,"Marai, G. E. (2018). Activity-Centered Domain Characterization for Problem-Driven Scientific Visualization. IEEE TVCG, 24(1).",QA6,"Ha evidencias empiricas, relato de aplicacao ou avaliacao da abordagem?",1,"Avaliacao quantitativa: 35 projetos sob ACD (~63% sucesso) vs 40 projetos sob modelos anteriores (~25%), mais discussao qualitativa de aderencia a literatura.",Secao 4.1; Secao 4.2,Ok
E01,"Marai, G. E. (2018). Activity-Centered Domain Characterization for Problem-Driven Scientific Visualization. IEEE TVCG, 24(1).",QA7,"Beneficios, limitacoes ou desafios sao relatados?",1,"Beneficios articulados (mitigacao de retrabalho, evitar resolver o problema errado) em Model Merits; desafios da caracterizacao de dominio discutidos.",Secao 5.1,Ok
E01,"Marai, G. E. (2018). Activity-Centered Domain Characterization for Problem-Driven Scientific Visualization. IEEE TVCG, 24(1).",QA8,"As ameacas a validade, limitacoes ou condicoes de aplicabilidade sao discutidas?",0.5,"Discute pressupostos e limitacoes do MODELO (stakeholders ja identificados; discurso nos x eles; decomposicao de objetivos em tarefas; quando observacao nao e viavel), mas NAO discute ameacas a validade da avaliacao empirica (coortes diferentes, sem controle, sem tratar vies de selecao/confundidores).",Secao 5.2,Ok
E02,"Carroll, N.; Richardson, I. (2016). Aligning Healthcare Innovation and Software Requirements through Design Thinking. SEHS'16 (Int. Workshop on Software Engineering in Healthcare Systems), ACM.",QA1,O objetivo do estudo esta claramente definido?,1,Objetivo explicito no resumo e na introducao: estabelecer um Connected Health Innovation Framework usando principios de Design Thinking para (a) apoiar desenvolvedores na identificacao de requisitos de saude e (b) estender tecnicas tradicionais de coleta de requisitos. Aims e objetivos detalhados em lista.,Resumo; Secao 1; Secao 3,Ok
E02,"Carroll, N.; Richardson, I. (2016). Aligning Healthcare Innovation and Software Requirements through Design Thinking. SEHS'16 (Int. Workshop on Software Engineering in Healthcare Systems), ACM.",QA2,O contexto de desenvolvimento de software/digital esta descrito?,1,"Contexto digital bem descrito: Connected Health, e-pharmacy (servicos de farmacia online via tecnologias digitais), software de dispensacao legado, sistema de gestao de medicamentos. Dominio claro.",Secao 2; Secao 2.1; Secao 5,Ok
E02,"Carroll, N.; Richardson, I. (2016). Aligning Healthcare Innovation and Software Requirements through Design Thinking. SEHS'16 (Int. Workshop on Software Engineering in Healthcare Systems), ACM.",QA3,A abordagem de ER e explicitada?,1,"ER explicitada: define requisito, descreve as etapas elicitacao, analise, especificacao e gestao (apoiada no SWEBOK), e discute as falhas da ER tradicional no contexto de saude.",Secao 4; Secao 5.2.4,Ok
E02,"Carroll, N.; Richardson, I. (2016). Aligning Healthcare Innovation and Software Requirements through Design Thinking. SEHS'16 (Int. Workshop on Software Engineering in Healthcare Systems), ACM.",QA4,A abordagem de design e explicitada?,1,"Design Thinking explicitado e fundamentado (Brown; metodo da d.school de Stanford), com as cinco fases (empathise, define, ideate, prototype, test) descritas e detalhadas em subsecoes.",Secao 2.1; Secao 5.2; Figura 2,Ok
E02,"Carroll, N.; Richardson, I. (2016). Aligning Healthcare Innovation and Software Requirements through Design Thinking. SEHS'16 (Int. Workshop on Software Engineering in Healthcare Systems), ACM.",QA5,A forma de integracao entre ER e design e descrita com detalhes suficientes?,1,Integracao e o nucleo do artigo: Design Thinking posicionado como fase de pre-requisitos que alimenta a ER; mapeamento das 5 fases para atividades de requisitos e modelo de 4 estagios que alinha necessidade de saude a requisitos de software.,Secao 4; Secao 5.2; Secao 6; Figuras 4 e 5,Ok
E02,"Carroll, N.; Richardson, I. (2016). Aligning Healthcare Innovation and Software Requirements through Design Thinking. SEHS'16 (Int. Workshop on Software Engineering in Healthcare Systems), ACM.",QA6,"Ha evidencias empiricas, relato de aplicacao ou avaliacao da abordagem?",0.5,"Ha estudo de caso real (e-pharmacy em tres hospitais irlandeses) com observacao e entrevistas semiestruturadas, e relato da aplicacao das 5 fases gerando o framework (Tabela 1). Porem a fase Test descreve o procedimento de validacao sem reportar resultados/achados, e o alinhamento requisitos-software e tratado como trabalho futuro. Aplicacao presente, avaliacao incompleta.",Secao 5.1; Secao 5.2; Tabela 1; Secoes 5.2.4-6 e 7,Ok
E02,"Carroll, N.; Richardson, I. (2016). Aligning Healthcare Innovation and Software Requirements through Design Thinking. SEHS'16 (Int. Workshop on Software Engineering in Healthcare Systems), ACM.",QA7,"Beneficios, limitacoes ou desafios sao relatados?",1,"Beneficios articulados (complementa a ER tradicional, imersao no espaco do problema, mitigacao de risco a seguranca do paciente, reducao de gap entre comunidades de software e saude) e desafios do dominio de saude relatados.",Secao 4; Secao 7; Secao 7.1; Secao 7.2,Ok
E02,"Carroll, N.; Richardson, I. (2016). Aligning Healthcare Innovation and Software Requirements through Design Thinking. SEHS'16 (Int. Workshop on Software Engineering in Healthcare Systems), ACM.",QA8,"As ameacas a validade, limitacoes ou condicoes de aplicabilidade sao discutidas?",0.5,"Declara limitacao explicita (uso de um unico caso; necessidade de mais casos e de comparacao com outros metodos de ER), mas nao discute ameacas a validade da evidencia (vies de observacao, ausencia de resultados de teste, generalizacao alem do contexto hospitalar irlandes). Discute a limitacao da proposta, nao a validade da evidencia.",Secao 7,Ok
E08,"Virvou, M.; Tsihrintzis, G. A. (2023). A Novel Trust State-Chart Model for Requirements Engineering of Trustful AI-Empowered Software. 2023 14th International Conference on Information, Intelligence, Systems & Applications (IISA), IEEE.",QA1,O objetivo do estudo esta claramente definido?,1,"Objetivo explicito no resumo e na introducao: propor um novo Trust State-Chart Model para a engenharia de requisitos de confianca em interacoes humano-IA, levando a requisitos de experiencia do usuario que melhoram a confianca.",Resumo; Secao I (fim),Ok
E08,"Virvou, M.; Tsihrintzis, G. A. (2023). A Novel Trust State-Chart Model for Requirements Engineering of Trustful AI-Empowered Software. 2023 14th International Conference on Information, Intelligence, Systems & Applications (IISA), IEEE.",QA2,O contexto de desenvolvimento de software/digital esta descrito?,0.5,"O contexto e software com IA / interfaces humano-IA, e cita dominios de aplicacao (saude, financas, educacao). Porem o contexto e tratado de forma generica e abstrata, sem descrever um sistema, projeto ou ambiente de desenvolvimento concreto.",Resumo; Secao I; Secao IV,Ok
E08,"Virvou, M.; Tsihrintzis, G. A. (2023). A Novel Trust State-Chart Model for Requirements Engineering of Trustful AI-Empowered Software. 2023 14th International Conference on Information, Intelligence, Systems & Applications (IISA), IEEE.",QA3,A abordagem de ER e explicitada?,1,"ER explicitada: o trabalho enquadra-se em requirements engineering de confianca em IA; usa use-case model e Hierarchical Task Analysis para derivar requisitos de experiencia do usuario, com use-cases e sub-use-cases detalhados.",Resumo; Secao I; Secao III; Secao IV,Ok
E08,"Virvou, M.; Tsihrintzis, G. A. (2023). A Novel Trust State-Chart Model for Requirements Engineering of Trustful AI-Empowered Software. 2023 14th International Conference on Information, Intelligence, Systems & Applications (IISA), IEEE.",QA4,A abordagem de design e explicitada?,0.5,"Ha enquadramento user-centric / UX e Human-Centered AI, mas a abordagem de design e tratada mais como modelagem (state-chart, use-case diagram, HTA) do que como uma abordagem de design explicitamente caracterizada; os principios de UX permanecem genericos e nao operacionalizados como metodo de design.",Resumo; Secao I; Secao II; Secao III,Ok
E08,"Virvou, M.; Tsihrintzis, G. A. (2023). A Novel Trust State-Chart Model for Requirements Engineering of Trustful AI-Empowered Software. 2023 14th International Conference on Information, Intelligence, Systems & Applications (IISA), IEEE.",QA5,A forma de integracao entre ER e design e descrita com detalhes suficientes?,1,"A integracao e o nucleo do artigo e e descrita com detalhe: o Trust State-Chart Model alimenta um use-case diagram e este uma HTA, encadeando estados de confianca a requisitos de UX; tabelas de transicao de estados e decomposicao de use-cases sao apresentadas.",Secao II (Tabelas I-II; Fig.1); Secao III (Fig.2); Secao IV (Fig.3),Ok
E08,"Virvou, M.; Tsihrintzis, G. A. (2023). A Novel Trust State-Chart Model for Requirements Engineering of Trustful AI-Empowered Software. 2023 14th International Conference on Information, Intelligence, Systems & Applications (IISA), IEEE.",QA6,"Ha evidencias empiricas, relato de aplicacao ou avaliacao da abordagem?",0,"O resumo promete 'case studies and examples to demonstrate the effectiveness', mas o corpo do artigo nao apresenta nenhum estudo de caso nem avaliacao: e uma proposta inteiramente conceitual, ilustrada apenas por exemplos hipoteticos. Conforme a regra de calibracao, exemplos ilustrativos nao contam como evidencia empirica.",Resumo (promessa); Secoes II-IV (apenas exemplos hipoteticos); Secao IV (Conclusoes),Ok
E08,"Virvou, M.; Tsihrintzis, G. A. (2023). A Novel Trust State-Chart Model for Requirements Engineering of Trustful AI-Empowered Software. 2023 14th International Conference on Information, Intelligence, Systems & Applications (IISA), IEEE.",QA7,"Beneficios, limitacoes ou desafios sao relatados?",0.5,"Beneficios sao amplamente alegados (melhora de confianca, UX, adocao; mitigacao de overtrust/mistrust/distrust/AI-phobia) e desafios gerais da ER de confianca sao mencionados. Porem limitacoes concretas da propria abordagem proposta nao sao efetivamente relatadas, embora o resumo as anuncie.",Resumo; Secao I; Secao IV (Conclusoes),Ok
E08,"Virvou, M.; Tsihrintzis, G. A. (2023). A Novel Trust State-Chart Model for Requirements Engineering of Trustful AI-Empowered Software. 2023 14th International Conference on Information, Intelligence, Systems & Applications (IISA), IEEE.",QA8,"As ameacas a validade, limitacoes ou condicoes de aplicabilidade sao discutidas?",0,"Nao ha discussao de ameacas a validade nem de limitacoes da proposta. O resumo e a introducao anunciam que limitacoes seriam discutidas, mas a conclusao apenas reafirma o potencial do modelo sem examinar restricoes, vieses ou condicoes de aplicabilidade.",Resumo; Secao I; Secao IV (Conclusoes),Ok
E09,"Coutinho, V. O. G.; Souza, M. R. A.; Freire, A. P. (2024). Application of human-centered design practices in the agile requirements engineering process: a case study in a public company. SBQS 2024, ACM.",QA1,O objetivo do estudo esta claramente definido?,1,Objetivo explicito no resumo e na introducao: relato de experiencia sobre a aplicacao de praticas de design centrado no ser humano (prototipacao e testes com usuarios) no processo de engenharia de requisitos agil em um projeto governamental com terceirizacao do desenvolvimento.,Resumo; Secao 1 (introducao),Ok
E09,"Coutinho, V. O. G.; Souza, M. R. A.; Freire, A. P. (2024). Application of human-centered design practices in the agile requirements engineering process: a case study in a public company. SBQS 2024, ACM.",QA2,O contexto de desenvolvimento de software/digital esta descrito?,1,"Contexto descrito em detalhe: empresa publica de TI (Serpro), projeto de manutencao evolutiva de plataforma de gestao de chatbots para cidadaos; equipe, metodologia agil com sprints de 4 semanas, terceirizacao das fases de implementacao e testes.",Secao 4; Secao 4.1; Secao 4.3,Ok
E09,"Coutinho, V. O. G.; Souza, M. R. A.; Freire, A. P. (2024). Application of human-centered design practices in the agile requirements engineering process: a case study in a public company. SBQS 2024, ACM.",QA3,A abordagem de ER e explicitada?,1,"ER agil explicitada e fundamentada (Secao 2.1, desafios de Inayat et al.); o processo de ER do projeto e descrito nas cinco etapas (elicitacao, documentacao, revisao, validacao, gerenciamento de requisitos) com atividades concretas em cada uma.",Secao 2.1; Secao 4.3 (cinco etapas),Ok
E09,"Coutinho, V. O. G.; Souza, M. R. A.; Freire, A. P. (2024). Application of human-centered design practices in the agile requirements engineering process: a case study in a public company. SBQS 2024, ACM.",QA4,A abordagem de design e explicitada?,1,HCD explicitado e fundamentado na ISO 9241-210:2019; prototipacao (niveis de fidelidade baixa/media/alta) e testes com usuarios descritos conceitualmente (Secao 2.2) e na pratica do projeto.,Secao 1; Secao 2.2; Secao 4.3,Ok
E09,"Coutinho, V. O. G.; Souza, M. R. A.; Freire, A. P. (2024). Application of human-centered design practices in the agile requirements engineering process: a case study in a public company. SBQS 2024, ACM.",QA5,A forma de integracao entre ER e design e descrita com detalhes suficientes?,1,"Integracao descrita com detalhe operacional: a prototipacao e os testes com usuarios sao embutidos em cada uma das cinco etapas do processo de ER (protótipos de baixa fidelidade na elicitacao; refino e alta fidelidade na documentacao; protótipos revisados junto com requisitos; testes com usuarios na validacao; refino no gerenciamento), com fluxo entre contratante e contratada por sprint.",Secao 4.3; Tabela 1; Secao 5.2,Ok
E09,"Coutinho, V. O. G.; Souza, M. R. A.; Freire, A. P. (2024). Application of human-centered design practices in the agile requirements engineering process: a case study in a public company. SBQS 2024, ACM.",QA6,"Ha evidencias empiricas, relato de aplicacao ou avaliacao da abordagem?",1,"Aplicacao real em projeto governamental (2022-2023, Serpro), com analise de indicadores do projeto (atraso de cronograma, evolucao de requisitos, densidade de defeitos por Ponto de Funcao) e analise qualitativa consolidada em 29 aspectos (Tabela 2) e relatos agrupados por tema.",Secao 4.3; Secao 5.1 (indicadores); Secao 5.2; Tabela 2,Ok
E09,"Coutinho, V. O. G.; Souza, M. R. A.; Freire, A. P. (2024). Application of human-centered design practices in the agile requirements engineering process: a case study in a public company. SBQS 2024, ACM.",QA7,"Beneficios, limitacoes ou desafios sao relatados?",1,"Beneficios organizados por equipe, contratada/contratante e produto (Secao 6), e limitacoes concretas relatadas: dependencia de designer experiente, risco de impacto no ritmo agil, alto custo de gestao da terceirizacao, alta rotatividade da contratada.",Secao 5.2; Secao 6 (beneficios e limitacoes),Ok
E09,"Coutinho, V. O. G.; Souza, M. R. A.; Freire, A. P. (2024). Application of human-centered design practices in the agile requirements engineering process: a case study in a public company. SBQS 2024, ACM.",QA8,"As ameacas a validade, limitacoes ou condicoes de aplicabilidade sao discutidas?",0.5,"Discute limitacoes da proposta com profundidade (Secao 6) e condicoes de aplicabilidade (necessidade de designer experiente, integracao ao ciclo agil). Porem nao discute explicitamente ameacas a validade da evidencia: relato em primeira pessoa pela autora integrante da equipe (vies observador-participante), projeto unico, indicadores sem baseline comparativo. A propria autora coloca a comparacao com projetos sem prototipacao como trabalho futuro.",Secao 6; Secao 5.1; Secao 6 (trabalhos futuros),Ok
E12,"Lee, S. H.; Ko, I. Y.; Kang, S.; Lee, D. H. (2010). A usability-pattern-based requirements-analysis method to bridge the gap between user tasks and application features. COMPSAC 2010, IEEE.",AQ1,O objetivo do estudo esta claramente definido?,1,Objetivo explicito de propor um metodo de analise de requisitos baseado em padroes de usabilidade para apoiar o AUS a ligar tarefas de usuario a features da aplicacao no Agile-UCD.,Abstract e Secao I Introduction (p.317),Ok
E12,"Lee, S. H.; Ko, I. Y.; Kang, S.; Lee, D. H. (2010). A usability-pattern-based requirements-analysis method to bridge the gap between user tasks and application features. COMPSAC 2010, IEEE.",AQ2,O contexto de desenvolvimento de software/digital esta descrito?,1,Contexto de desenvolvimento Agile-UCD para aplicacoes interativas ricas e moveis claramente descrito incluindo exemplos de app movel de reserva de hotel e de leilao.,Secao I (p.317) e Secao V Example (p.321),Ok
E12,"Lee, S. H.; Ko, I. Y.; Kang, S.; Lee, D. H. (2010). A usability-pattern-based requirements-analysis method to bridge the gap between user tasks and application features. COMPSAC 2010, IEEE.",AQ3,A abordagem de ER e explicitada?,1,ER explicita como metodo de analise/especificacao de requisitos usando use cases essenciais e notacoes UML estendidas (Contextual Link Model) para o AUS.,Secao IV Approach (p.318-319),Ok
E12,"Lee, S. H.; Ko, I. Y.; Kang, S.; Lee, D. H. (2010). A usability-pattern-based requirements-analysis method to bridge the gap between user tasks and application features. COMPSAC 2010, IEEE.",AQ4,A abordagem de design e explicitada?,1,Abordagem de design explicita UCD/UX no contexto Agile-UCD com uso de UI design patterns e usability patterns/properties.,Secao I e Secao IV-B UI Usability Pattern Analysis (p.317 e p.320),Ok
E12,"Lee, S. H.; Ko, I. Y.; Kang, S.; Lee, D. H. (2010). A usability-pattern-based requirements-analysis method to bridge the gap between user tasks and application features. COMPSAC 2010, IEEE.",AQ5,A forma de integracao entre ER e design e descrita com detalhes suficientes?,1,"Integracao detalhada via Contextual Link Model Analysis e UI Usability Pattern Analysis com estereotipos de classes, notacoes, workflows e mapeamento de padroes de usabilidade as features.",Secao IV (p.318-321) Figuras 1-7 e Tabelas I-II,Ok
E12,"Lee, S. H.; Ko, I. Y.; Kang, S.; Lee, D. H. (2010). A usability-pattern-based requirements-analysis method to bridge the gap between user tasks and application features. COMPSAC 2010, IEEE.",AQ6,Ha evidencias empiricas relato de aplicacao ou avaliacao da abordagem?,1,Avaliacao empirica real com 10 AUSs seniores medindo tempo de modelagem (ME-I) e quatro criterios via questionario Likert (ME-II a ME-IV) com resultados quantitativos alem do exemplo ilustrativo.,Secao VI Evaluation (p.322-325) Figuras 8-11,Ok
E12,"Lee, S. H.; Ko, I. Y.; Kang, S.; Lee, D. H. (2010). A usability-pattern-based requirements-analysis method to bridge the gap between user tasks and application features. COMPSAC 2010, IEEE.",AQ7,Beneficios limitacoes ou desafios sao relatados?,1,"Beneficios (comunicacao e colaboracao, reducao de riscos de usabilidade) e limitacoes (necessidade de treinamento, dificuldade com UML estendida, tarefas que nao convertem em features) relatados.",Secao VII Conclusion (p.325-326),Ok
E12,"Lee, S. H.; Ko, I. Y.; Kang, S.; Lee, D. H. (2010). A usability-pattern-based requirements-analysis method to bridge the gap between user tasks and application features. COMPSAC 2010, IEEE.",AQ8,As ameacas a validade limitacoes ou condicoes de aplicabilidade sao discutidas?,0.5,"Discute limitacoes do metodo/proposta e condicoes de aplicabilidade, mas nao discute ameacas a validade da evidencia empirica (n=10, ausencia de grupo de controle, generalizacao, vies designer vs developer-native).",Secao VII (p.325-326),Ok
E14,"Alloatti, F.; Tasso, R.; Bolioli, A.; Messina, E.; Cantu, D.; Guidorzi, E.; Agamennone, C.; Brunetti, E.; Marinello, R. (2021). Can You Help Me Measure My Blood Sugar? Co-design of a Voice Interface to Assist Patients and Caregivers at Home. ISCC 2021, IEEE.",AQ1,O objetivo do estudo esta claramente definido?,1,"Objetivo explicito de descrever o design e desenvolvimento de um assistente digital por voz para pacientes hospitalizados em casa e seus cuidadores, com contribuicao tripla declarada (processo de design, metodologia HCD de avaliacao, resultados preliminares).",Secao I Introduction (p.1),Ok
E14,"Alloatti, F.; Tasso, R.; Bolioli, A.; Messina, E.; Cantu, D.; Guidorzi, E.; Agamennone, C.; Brunetti, E.; Marinello, R. (2021). Can You Help Me Measure My Blood Sugar? Co-design of a Voice Interface to Assist Patients and Caregivers at Home. ISCC 2021, IEEE.",AQ2,O contexto de desenvolvimento de software/digital esta descrito?,1,"Contexto digital bem descrito: voice app (Alexa Skill) com conteudo multimidia, arquitetura de sistema com modulos de intent recognition, dialogue manager e repositorio de videos, executado em dispositivos Echo Show.",Secao III System Architecture e Fig. 1 (p.2-3),Ok
E14,"Alloatti, F.; Tasso, R.; Bolioli, A.; Messina, E.; Cantu, D.; Guidorzi, E.; Agamennone, C.; Brunetti, E.; Marinello, R. (2021). Can You Help Me Measure My Blood Sugar? Co-design of a Voice Interface to Assist Patients and Caregivers at Home. ISCC 2021, IEEE.",AQ3,A abordagem de ER e explicitada?,1,"ER explicitada: fase de requirements gathering com 21 entrevistas a stakeholders, mapeamento estruturado de requisitos por cenario (Tabela I) e rastreamento dos requisitos as decisoes de design.",Secao II User Experience and Requirements Mapping e Tabela I (p.2),Ok
E14,"Alloatti, F.; Tasso, R.; Bolioli, A.; Messina, E.; Cantu, D.; Guidorzi, E.; Agamennone, C.; Brunetti, E.; Marinello, R. (2021). Can You Help Me Measure My Blood Sugar? Co-design of a Voice Interface to Assist Patients and Caregivers at Home. ISCC 2021, IEEE.",AQ4,A abordagem de design e explicitada?,1,"Abordagem de design explicita: human-centered design e co-design (titulo e keywords), com participacao ativa de pacientes, cuidadores e clinicos no levantamento de requisitos e validacao das utterances por enfermeiros e medicos.","Index Terms e Secao II/III (p.1-3), Agradecimentos (p.4)",Ok
E14,"Alloatti, F.; Tasso, R.; Bolioli, A.; Messina, E.; Cantu, D.; Guidorzi, E.; Agamennone, C.; Brunetti, E.; Marinello, R. (2021). Can You Help Me Measure My Blood Sugar? Co-design of a Voice Interface to Assist Patients and Caregivers at Home. ISCC 2021, IEEE.",AQ5,A forma de integracao entre ER e design e descrita com detalhes suficientes?,1,"Integracao ER-design descrita com detalhe: cada requisito mapeado (A.1.a, A.2.a, B.3.b etc.) e traduzido em decisao de design da interface voice-first, mostrando como o levantamento conduziu as escolhas funcionais do sistema.",Secao II-B Definition of Requirements (p.2) e Secao III (p.2-3),Ok
E14,"Alloatti, F.; Tasso, R.; Bolioli, A.; Messina, E.; Cantu, D.; Guidorzi, E.; Agamennone, C.; Brunetti, E.; Marinello, R. (2021). Can You Help Me Measure My Blood Sugar? Co-design of a Voice Interface to Assist Patients and Caregivers at Home. ISCC 2021, IEEE.",AQ6,Ha evidencias empiricas relato de aplicacao ou avaliacao da abordagem?,1,"Evidencia empirica real: experimentacao com 11 cuidadores e 14 profissionais de saude (jan-mar 2021), questionario pos-teste com escala Likert e resultados quantitativos reportados (Tabela II).","Secao IV Experimentation e Secao V Discussion, Tabela II (p.3)",Ok
E14,"Alloatti, F.; Tasso, R.; Bolioli, A.; Messina, E.; Cantu, D.; Guidorzi, E.; Agamennone, C.; Brunetti, E.; Marinello, R. (2021). Can You Help Me Measure My Blood Sugar? Co-design of a Voice Interface to Assist Patients and Caregivers at Home. ISCC 2021, IEEE.",AQ7,Beneficios limitacoes ou desafios sao relatados?,1,"Beneficios (empoderamento do cuidador, ferramenta educacional, menos chamadas as enfermeiras) e limitacoes da tecnologia (comando de voz dificil de memorizar, conteudo multimidia faltante, barreira de idioma) relatados explicitamente.",Secao V Discussion e Secao V-A Limits of the technology (p.3-4),Ok
E14,"Alloatti, F.; Tasso, R.; Bolioli, A.; Messina, E.; Cantu, D.; Guidorzi, E.; Agamennone, C.; Brunetti, E.; Marinello, R. (2021). Can You Help Me Measure My Blood Sugar? Co-design of a Voice Interface to Assist Patients and Caregivers at Home. ISCC 2021, IEEE.",AQ8,As ameacas a validade limitacoes ou condicoes de aplicabilidade sao discutidas?,0.5,"Discute limitacoes da tecnologia/proposta e reconhece resultados preliminares e amostra pequena (planeja expandir o pool de sujeitos), mas nao ha discussao estruturada de ameacas a validade da evidencia (ausencia de baseline/grupo controle, vies de auto-relato, generalizacao). Cobre so uma das duas dimensoes.",Secao V-A (p.4) e Secao VI Conclusion and Future Work (p.4),Ok
E19,"Recalde, L.; Jimenez-Pacheco, P.; Mendoza, K.; Meza, J. (2020). Collaboration-based Urban Planning Platform: Modeling Cognition to Co-create Cities. ISI 2020, IEEE.",AQ1,O objetivo do estudo esta claramente definido?,1,"Objetivo explicito de apresentar o design de uma aplicacao Web social para urbanismo colaborativo em cidades cognitivas, com tres contribuicoes declaradas (especificacao de requisitos funcionais, prototipo nao-funcional, componentes inteligentes).",Abstract e Secao I Introduction (contribuicoes) (p.80-82),Ok
E19,"Recalde, L.; Jimenez-Pacheco, P.; Mendoza, K.; Meza, J. (2020). Collaboration-based Urban Planning Platform: Modeling Cognition to Co-create Cities. ISI 2020, IEEE.",AQ2,O contexto de desenvolvimento de software/digital esta descrito?,1,"Contexto digital descrito: plataforma Web social com componentes inteligentes (ML, Text Mining, NLP) para planejamento urbano colaborativo, ilustrada por mock-ups de telas e formularios (Figuras 1-6).",Secao IV-C/D e Secao V (Figuras 1-6) (p.83-85),Ok
E19,"Recalde, L.; Jimenez-Pacheco, P.; Mendoza, K.; Meza, J. (2020). Collaboration-based Urban Planning Platform: Modeling Cognition to Co-create Cities. ISI 2020, IEEE.",AQ3,A abordagem de ER e explicitada?,1,"ER explicita como atividade do estudo: especificacao de requisitos funcionais a partir de analise de survey, com user stories, identificacao de atores e use cases (11 cenarios em tres dimensoes).",Secao IV-B Functional Requirements Specification (p.83),Ok
E19,"Recalde, L.; Jimenez-Pacheco, P.; Mendoza, K.; Meza, J. (2020). Collaboration-based Urban Planning Platform: Modeling Cognition to Co-create Cities. ISI 2020, IEEE.",AQ4,A abordagem de design e explicitada?,0.5,"A abordagem de design aparece apenas como prototipacao com mock-ups e avaliacao qualitativa com usuarios; nao ha uma abordagem de design centrada no usuario formalmente nomeada ou descrita metodologicamente (co-creation refere-se a co-criacao urbana de cidadaos, nao a co-design de software).",Secao IV-D Low-level Prototype Design (p.84-85),Ok
E19,"Recalde, L.; Jimenez-Pacheco, P.; Mendoza, K.; Meza, J. (2020). Collaboration-based Urban Planning Platform: Modeling Cognition to Co-create Cities. ISI 2020, IEEE.",AQ5,A forma de integracao entre ER e design e descrita com detalhes suficientes?,1,Integracao ER-design descrita de forma rastreavel: os requisitos funcionais (use cases) sao mapeados nos mock-ups (requirements are mapped in the mock-ups design) e os mock-ups sao usados para confirmar e refinar os proprios requisitos durante a avaliacao.,"Secao I (fase iii) e Secao IV-D (p.81, p.84-85)",Ok
E19,"Recalde, L.; Jimenez-Pacheco, P.; Mendoza, K.; Meza, J. (2020). Collaboration-based Urban Planning Platform: Modeling Cognition to Co-create Cities. ISI 2020, IEEE.",AQ6,Ha evidencias empiricas relato de aplicacao ou avaliacao da abordagem?,1,"Ha relato de aplicacao real: survey aplicado a 1606 cidadaos em Quito e 1248 em Portoviejo, e avaliacao do prototipo em tres sessoes com representantes da Municipalidade de Quito (IT e Planejamento Urbano), gerando versoes melhoradas.","Secao IV-A (survey) e Secao V Main Prototype Screens after Evaluation (p.82, p.85)",Ok
E19,"Recalde, L.; Jimenez-Pacheco, P.; Mendoza, K.; Meza, J. (2020). Collaboration-based Urban Planning Platform: Modeling Cognition to Co-create Cities. ISI 2020, IEEE.",AQ7,Beneficios limitacoes ou desafios sao relatados?,0.5,"Beneficios sao relatados (melhoria das condicoes de vida, mock-ups como meio eficaz de comunicar requisitos, deteccao de ambiguidades nos modelos inteligentes). Limitacoes/desafios do trabalho aparecem apenas de forma implicita (avaliacao so qualitativa, prototipo nao-funcional, avaliadores restritos a Quito) sem discussao explicita dedicada.",Secao IV-D e Secao VI Conclusions (p.84-86),Ok
E19,"Recalde, L.; Jimenez-Pacheco, P.; Mendoza, K.; Meza, J. (2020). Collaboration-based Urban Planning Platform: Modeling Cognition to Co-create Cities. ISI 2020, IEEE.",AQ8,As ameacas a validade limitacoes ou condicoes de aplicabilidade sao discutidas?,0,"Nao ha discussao de ameacas a validade nem de limitacoes metodologicas de forma estruturada; o estudo apenas aponta trabalho futuro (avaliacao quantitativa do prototipo de alto nivel) sem analisar as limitacoes da evidencia atual (prototipo nao-funcional, avaliacao restrita a colaboradores de uma unica prefeitura).",Secao VI Conclusions and Future Work (p.86),Ok
E20,"Liu, Z. (2022). Combining i* and Service Blueprint for Service design: a case study of Fliggy. ICCSMT 2022, IEEE.",AQ1,O objetivo do estudo esta claramente definido?,1,"Objetivo explicito de propor um metodo que combina i*/iStar e service blueprint para apoiar o design de crossover services, preenchendo a lacuna entre analise de requisitos e service design.",Abstract e Secao I Introduction (contribuicoes) (p.336),
E20,"Liu, Z. (2022). Combining i* and Service Blueprint for Service design: a case study of Fliggy. ICCSMT 2022, IEEE.",AQ2,O contexto de desenvolvimento de software/digital esta descrito?,1,"Contexto digital descrito: crossover services em plataforma online (Fliggy), combinando servicos de hotel, pagamento e seguro, no ciclo de vida de software entre requisitos e design de servicos.","Secao I Introduction e Secao IV Case Study (p.336, p.338)",Ok
E20,"Liu, Z. (2022). Combining i* and Service Blueprint for Service design: a case study of Fliggy. ICCSMT 2022, IEEE.",AQ3,A abordagem de ER e explicitada?,1,"ER explicita: uso da linguagem de modelagem orientada a objetivos i*/iStar 2.0 (Actor, Intentional Element, Goal, Task, Resource, Quality, Contribution Type), descrita com metamodelo na Secao III-A.",Secao III-A Goal oriented modeling technology e Fig. 1 (p.337),Ok
E20,"Liu, Z. (2022). Combining i* and Service Blueprint for Service design: a case study of Fliggy. ICCSMT 2022, IEEE.",AQ4,A abordagem de design e explicitada?,1,"Abordagem de design explicita: service blueprint como metodo de modelagem de processo de negocio centrado no usuario, descrito em detalhe com suas cinco lanes (physical evidence, customer actions, frontstage, backstage, support processes).",Secao III-B Service blueprint (p.337-338),Ok
E20,"Liu, Z. (2022). Combining i* and Service Blueprint for Service design: a case study of Fliggy. ICCSMT 2022, IEEE.",AQ5,A forma de integracao entre ER e design e descrita com detalhes suficientes?,1,"Integracao ER-design descrita com detalhes: quatro regras formais de transformacao mapeando elementos do goal model i* para o service blueprint (resource->evidence, tasks de roles->customer actions, tasks de agents->frontstage/backstage, dependencias->dependencias).",Secao III-C From goal model to service blueprint (Rules 1-4) (p.338),Ok
E20,"Liu, Z. (2022). Combining i* and Service Blueprint for Service design: a case study of Fliggy. ICCSMT 2022, IEEE.",AQ6,Ha evidencias empiricas relato de aplicacao ou avaliacao da abordagem?,0.5,"Ha apenas um estudo de caso ilustrativo (Fliggy) demonstrando a aplicacao das regras de transformacao para construir o service blueprint a partir do goal model; e ilustracao da usabilidade do metodo, sem avaliacao empirica real, experimento ou validacao com usuarios/especialistas.",Secao IV Case Study e Figuras 2-3 (p.338-339),Ok
E20,"Liu, Z. (2022). Combining i* and Service Blueprint for Service design: a case study of Fliggy. ICCSMT 2022, IEEE.",AQ7,Beneficios limitacoes ou desafios sao relatados?,1,"Beneficios (preencher a lacuna entre requisitos e service design para crossover services) e limitacoes explicitas relatadas: o metodo nao suporta totalmente a construcao do blueprint, pois o goal model nao define interacoes frontstage/backstage e alguns elementos ainda precisam ser completados por analistas.",Secao IV (shortcomings) e Secao V Conclusion (p.339),Ok
E20,"Liu, Z. (2022). Combining i* and Service Blueprint for Service design: a case study of Fliggy. ICCSMT 2022, IEEE.",AQ8,As ameacas a validade limitacoes ou condicoes de aplicabilidade sao discutidas?,0.5,"Discute limitacoes do metodo/proposta (cobertura incompleta da transformacao, necessidade de intervencao manual do analista, ausencia de automacao) mas nao discute ameacas a validade da evidencia (estudo de caso unico ilustrativo, ausencia de validacao independente, generalizacao). Cobre so a dimensao do metodo.",Secao IV e Secao V Conclusion and Future Work (p.339),Ok
E21,"Rodrigues, E.; Souza, S.; Meireles, M.; Lauschner, T.; Maldonado, J. C.; Lima, M.; Conte, T. (2024). Comparing Design Thinking Techniques in the Context of IoT Requirements Elicitation: An Empirical Study. SBQS 2024, ACM.",AQ1,O objetivo do estudo esta claramente definido?,1,"Objetivo explicito de investigar e comparar duas tecnicas de Design Thinking (IoThinking e Mind IoT) no apoio a elicitacao de requisitos para sistemas IoT, com RQ e hipoteses formalmente definidas.",Abstract (Aims) e Secao 1 Introduction (RQ) (p.718-719),Ok
E21,"Rodrigues, E.; Souza, S.; Meireles, M.; Lauschner, T.; Maldonado, J. C.; Lima, M.; Conte, T. (2024). Comparing Design Thinking Techniques in the Context of IoT Requirements Elicitation: An Empirical Study. SBQS 2024, ACM.",AQ2,O contexto de desenvolvimento de software/digital esta descrito?,1,"Contexto digital bem descrito: desenvolvimento de sistemas IoT (rede de dispositivos, sensores, atuadores, fluxo de dados), com dois cenarios concretos (Smart Farming e Smart Projection) usados no experimento.","Secao 1 Introduction e Secao 4.2 (Scenarios) (p.718, p.722)",Ok
E21,"Rodrigues, E.; Souza, S.; Meireles, M.; Lauschner, T.; Maldonado, J. C.; Lima, M.; Conte, T. (2024). Comparing Design Thinking Techniques in the Context of IoT Requirements Elicitation: An Empirical Study. SBQS 2024, ACM.",AQ3,A abordagem de ER e explicitada?,1,"ER explicitada como foco central: fase de elicitacao de requisitos para IoT, com fundamentacao em RE (Secao 2.1), avaliacao de requisitos segundo criterios de qualidade da norma IEEE 29148-2018 (singularidade, ambiguidade, completude) e rastreabilidade.","Secao 2.1 Requirement Engineering for IoT e Secao 4.4 (p.719, p.723)",Ok
E21,"Rodrigues, E.; Souza, S.; Meireles, M.; Lauschner, T.; Maldonado, J. C.; Lima, M.; Conte, T. (2024). Comparing Design Thinking Techniques in the Context of IoT Requirements Elicitation: An Empirical Study. SBQS 2024, ACM.",AQ4,A abordagem de design e explicitada?,1,"Abordagem de design explicita: Design Thinking entendido como toolbox centrado no usuario, com duas tecnicas detalhadas (IoThinking, quatro quadrantes; Mind IoT, mapa mental com categorias Software/Hardware/Business), ilustradas em Figuras 1 e 2.",Secao 2.2 Design Thinking e Secao 3 Selected DT Techniques (p.719-722),Ok
E21,"Rodrigues, E.; Souza, S.; Meireles, M.; Lauschner, T.; Maldonado, J. C.; Lima, M.; Conte, T. (2024). Comparing Design Thinking Techniques in the Context of IoT Requirements Elicitation: An Empirical Study. SBQS 2024, ACM.",AQ5,A forma de integracao entre ER e design e descrita com detalhes suficientes?,1,"Integracao ER-design descrita com detalhes: as tecnicas de DT sao usadas como ferramentas de apoio a elicitacao de requisitos, com rastreabilidade explicita de cada requisito a tecnica que o originou e analise de em qual fase de RE cada tecnica e mais adequada (IoThinking na elicitacao inicial, Mind IoT no refinamento posterior).",Secao 4.2/4.4 (traceability) e Secao 6 Discussion (p.722-726),Ok
E21,"Rodrigues, E.; Souza, S.; Meireles, M.; Lauschner, T.; Maldonado, J. C.; Lima, M.; Conte, T. (2024). Comparing Design Thinking Techniques in the Context of IoT Requirements Elicitation: An Empirical Study. SBQS 2024, ACM.",AQ6,Ha evidencias empiricas relato de aplicacao ou avaliacao da abordagem?,1,"Evidencia empirica robusta: experimento controlado com 59 estudantes (paired comparison/crossover design), analise quantitativa com teste de Wilcoxon, e Focus Group com 15 participantes analisado via Grounded Theory (open/axial coding).","Secao 4 Empirical Study e Secao 5 Results (Tabela 1, Figura 3) (p.721-725)",Ok
E21,"Rodrigues, E.; Souza, S.; Meireles, M.; Lauschner, T.; Maldonado, J. C.; Lima, M.; Conte, T. (2024). Comparing Design Thinking Techniques in the Context of IoT Requirements Elicitation: An Empirical Study. SBQS 2024, ACM.",AQ7,Beneficios limitacoes ou desafios sao relatados?,1,Beneficios e limitacoes de cada tecnica relatados explicitamente: IoThinking adequado a projetos menores/simples e a elicitacao inicial; Mind IoT mais adequado apos a elicitacao para refinamento e aspectos tecnicos; desafios de aplicabilidade discutidos a partir do Focus Group.,Secao 5.2 Qualitative analysis e Secao 6 Discussion (p.724-726),Ok
E21,"Rodrigues, E.; Souza, S.; Meireles, M.; Lauschner, T.; Maldonado, J. C.; Lima, M.; Conte, T. (2024). Comparing Design Thinking Techniques in the Context of IoT Requirements Elicitation: An Empirical Study. SBQS 2024, ACM.",AQ8,As ameacas a validade limitacoes ou condicoes de aplicabilidade sao discutidas?,1,"Ameacas a validade discutidas de forma estruturada e completa em quatro dimensoes seguindo Wohlin (interna, externa, de construto e de conclusao), com mitigacoes explicitas para cada uma.",Secao 7 Threats to Validity (p.726-727),Ok
E22,"Janchidfah, T.; Pinthong, T. (2025). Design and Development of the EZ Claim Mobile Application through Human-Centered Design Thinking. iSAI-NLP 2025, IEEE.",AQ1,O objetivo do estudo esta claramente definido?,1,"Objetivo explicito de projetar e desenvolver a aplicacao movel EZ Claim para avaliacao de danos de acidentes veiculares usando processamento de imagem, adotando HCD e o framework Design Thinking.",Abstract e Secao I Introduction (p.1),Ok
E22,"Janchidfah, T.; Pinthong, T. (2025). Design and Development of the EZ Claim Mobile Application through Human-Centered Design Thinking. iSAI-NLP 2025, IEEE.",AQ2,O contexto de desenvolvimento de software/digital esta descrito?,1,"Contexto digital bem descrito: aplicacao movel Android (Flutter) para sinistros de seguro veicular, com modulos de processamento de imagem, GPS e chatbot, e stack tecnologico detalhado (Fig. 6).",Secao III Step 4 Prototype e Fig. 6 (p.3),Ok
E22,"Janchidfah, T.; Pinthong, T. (2025). Design and Development of the EZ Claim Mobile Application through Human-Centered Design Thinking. iSAI-NLP 2025, IEEE.",AQ3,A abordagem de ER e explicitada?,0.5,"A ER aparece de forma implicita e superficial: as fases Empathize e Define produzem pain points, problem statements e requisitos funcionais (functionality, usability, accessibility), mas nao ha uso de tecnicas ou terminologia formal de Engenharia de Requisitos nem tratamento estruturado da elicitacao/especificacao como disciplina.",Secao III Step 1 Empathize e Step 2 Define (p.2-3),Ok
E22,"Janchidfah, T.; Pinthong, T. (2025). Design and Development of the EZ Claim Mobile Application through Human-Centered Design Thinking. iSAI-NLP 2025, IEEE.",AQ4,A abordagem de design e explicitada?,1,"Abordagem de design explicita e detalhada: Design Thinking com cinco fases (Empathize, Define, Ideate, Prototype, Test) ancorado em HCD, com tecnicas nomeadas (Empathy Map, Personas, journey maps, affinity diagramming, SCAMPER) e referencia ao framework Stanford d.school/IDEO.",Secao II-A e Secao III Methodology (Steps 1-5) (p.1-4),Ok
E22,"Janchidfah, T.; Pinthong, T. (2025). Design and Development of the EZ Claim Mobile Application through Human-Centered Design Thinking. iSAI-NLP 2025, IEEE.",AQ5,A forma de integracao entre ER e design e descrita com detalhes suficientes?,0.5,"A integracao e descrita em nivel processual: o framework Design Thinking visa traduzir necessidades dos usuarios em especificacoes funcionais e de interface (objetivo declarado de translate them into functional and interface design specifications), mas os requisitos sao tratados como saida das fases de design sem detalhamento de como a ER se articula com o design alem do fluxo de fases.",Secao III Methodology (objetivos 1-3) e Step 2 Define (p.2-3),Ok
E22,"Janchidfah, T.; Pinthong, T. (2025). Design and Development of the EZ Claim Mobile Application through Human-Centered Design Thinking. iSAI-NLP 2025, IEEE.",AQ6,Ha evidencias empiricas relato de aplicacao ou avaliacao da abordagem?,1,"Evidencia empirica real: levantamento com 83 participantes (70 clientes e 13 profissionais de seguro) na fase Empathize e teste de usabilidade com 30 participantes usando System Usability Scale (SUS), com escore medio reportado (4,52/5) e analise em SPSS.","Secao III Step 1 (83 participantes) e Step 5 Test / Step 6 (SUS, SPSS) (p.2-4)",Ok
E22,"Janchidfah, T.; Pinthong, T. (2025). Design and Development of the EZ Claim Mobile Application through Human-Centered Design Thinking. iSAI-NLP 2025, IEEE.",AQ7,Beneficios limitacoes ou desafios sao relatados?,0.5,"Beneficios sao amplamente relatados (reducao de tempo de reporte e espera, melhoria de satisfacao e eficiencia, alta pontuacao SUS). Limitacoes e desafios do estudo nao sao discutidos de forma explicita; o trabalho enfatiza apenas resultados positivos sem secao dedicada a limitacoes.",Secao III Step 7 Summary e Abstract (resultados) (p.4),Ok
E22,"Janchidfah, T.; Pinthong, T. (2025). Design and Development of the EZ Claim Mobile Application through Human-Centered Design Thinking. iSAI-NLP 2025, IEEE.",AQ8,As ameacas a validade limitacoes ou condicoes de aplicabilidade sao discutidas?,0,"Nao ha discussao de ameacas a validade nem de limitacoes metodologicas. O estudo menciona triangulacao de dados como reforco de confiabilidade, mas nao analisa ameacas a validade da evidencia (amostra de conveniencia, prototipo unico, ausencia de baseline comparativo, generalizacao).","Ausente, mais proximo em Secao III Step 6 (triangulacao) (p.4)",Ok
E23,"Souza, S. R. de; Meireles, M. A. C.; Duarte, J. C.; Maldonado, J. C.; Conte, T. (2022). Design for IoT: An Experimental Study to Understand How Design Thinking Can Help in the Elicitation of Requirements for IoT Systems. SBQS '22: XXI Brazilian Symposium on Software Quality.",AQ1,O objetivo do estudo está claramente definido?,1,"Objetivo explícito no resumo (analisar o uso de técnicas de DT no apoio à elicitação de requisitos para IoT) e formalizado via template GQM com propósito, foco, ponto de vista e contexto.","Resumo (p.1), Seção 3 - GQM (p.3)",Ok
E23,"Souza, S. R. de; Meireles, M. A. C.; Duarte, J. C.; Maldonado, J. C.; Conte, T. (2022). Design for IoT: An Experimental Study to Understand How Design Thinking Can Help in the Elicitation of Requirements for IoT Systems. SBQS '22: XXI Brazilian Symposium on Software Quality.",AQ2,O contexto de desenvolvimento de software/digital está descrito?,1,"Contexto de software/digital bem caracterizado: sistemas IoT em geral e cenário concreto de Sistema Residencial de Iluminação no domínio Smart Home, com lâmpadas inteligentes controladas remotamente.","Seção 2.3 (p.2), Seção 3 letra e - Preparação (p.4)",Ok
E23,"Souza, S. R. de; Meireles, M. A. C.; Duarte, J. C.; Maldonado, J. C.; Conte, T. (2022). Design for IoT: An Experimental Study to Understand How Design Thinking Can Help in the Elicitation of Requirements for IoT Systems. SBQS '22: XXI Brazilian Symposium on Software Quality.",AQ3,A abordagem de ER é explicitada?,1,"ER explicitada com seção de fundamentação própria, definindo as atividades de elicitação, análise, especificação, validação e gerenciamento; o foco do estudo é a atividade de elicitação de requisitos.","Seção 2.1 (p.2), Seção 1 - Introdução (p.1)",Ok
E23,"Souza, S. R. de; Meireles, M. A. C.; Duarte, J. C.; Maldonado, J. C.; Conte, T. (2022). Design for IoT: An Experimental Study to Understand How Design Thinking Can Help in the Elicitation of Requirements for IoT Systems. SBQS '22: XXI Brazilian Symposium on Software Quality.",AQ4,A abordagem de design é explicitada?,1,"Design Thinking explicitado em seção dedicada e detalhado nas técnicas empregadas (Mapa de Empatia, Personas, Mapa Mental, Diagrama de Afinidade e Business Model Canvas), com categorização e critérios de seleção.","Seção 2.2 (p.2), Seção 3 (p.3)",Ok
E23,"Souza, S. R. de; Meireles, M. A. C.; Duarte, J. C.; Maldonado, J. C.; Conte, T. (2022). Design for IoT: An Experimental Study to Understand How Design Thinking Can Help in the Elicitation of Requirements for IoT Systems. SBQS '22: XXI Brazilian Symposium on Software Quality.",AQ5,A forma de integração entre ER e design é descrita com detalhes suficientes?,1,"Integração descrita de forma concreta e rastreável: técnicas de DT mapeadas a etapas da elicitação (identificação de stakeholders, organização de informação, processo de negócio), aplicadas em roteiro definido, com requisitos registrados em tabela vinculando cada requisito à técnica que o originou.","Seção 3 - procedimentos e categorias (p.3), Seção 3.1 - Execução (p.4), Tabela 2 (p.5)",Ok
E23,"Souza, S. R. de; Meireles, M. A. C.; Duarte, J. C.; Maldonado, J. C.; Conte, T. (2022). Design for IoT: An Experimental Study to Understand How Design Thinking Can Help in the Elicitation of Requirements for IoT Systems. SBQS '22: XXI Brazilian Symposium on Software Quality.",AQ6,"Há evidências empíricas, relato de aplicação ou avaliação da abordagem?",1,"Evidência empírica robusta: estudo experimental com 23 participantes, design de um fator com dois tratamentos, análise quantitativa com teste não paramétrico de Mann-Whitney (p=0,383) e análise qualitativa de feedback sobre facilidade de uso. Não é apenas argumentação ou exemplo ilustrativo.","Seções 3, 3.1, 4 e 5 (p.3-8), Tabelas 2-4 e Figura 1 (p.5-9)",Ok
E23,"Souza, S. R. de; Meireles, M. A. C.; Duarte, J. C.; Maldonado, J. C.; Conte, T. (2022). Design for IoT: An Experimental Study to Understand How Design Thinking Can Help in the Elicitation of Requirements for IoT Systems. SBQS '22: XXI Brazilian Symposium on Software Quality.",AQ7,"Benefícios, limitações ou desafios são relatados?",1,"Benefícios (identificação de requisitos IoT - conectividade, integração de sensores, sensoriamento, atuação) e dificuldades (preenchimento e termos dos templates, identificação do ator-sensor) relatados e consolidados, com sugestões de melhoria por técnica.","Seções 5.1, 5.2 e 7 (p.6-8), Tabela 4 (p.9)",Ok
E23,"Souza, S. R. de; Meireles, M. A. C.; Duarte, J. C.; Maldonado, J. C.; Conte, T. (2022). Design for IoT: An Experimental Study to Understand How Design Thinking Can Help in the Elicitation of Requirements for IoT Systems. SBQS '22: XXI Brazilian Symposium on Software Quality.",AQ8,"As ameaças à validade, limitações ou condições de aplicabilidade são discutidas?",1,"Seção dedicada de Ameaças à Validade seguindo o framework formal de Wohlin et al., cobrindo as quatro categorias (interna, externa, conclusão e constructo) com ameaças específicas e mitigações. Discute explicitamente a validade da evidência empírica, não apenas limitações do método.","Seção 6 - Ameaças à Validade (p.8), Seção 7 - limitações (p.9)",Ok
E25,"De Croon, R.; Klerkx, J.; Duval, E. (2014). Designing a Useful and Usable Mobile EMR Application through a Participatory Design Methodology: A Case Study. 2014 IEEE International Conference on Healthcare Informatics (ICHI).",AQ1,O objetivo do estudo está claramente definido?,1,"Objetivo explícito no resumo e nas contribuições: analisar e identificar requisitos de usuário para uma aplicação EMR móvel via design participativo, com cinco considerações traduzidas em cinco requisitos.","Resumo (p.1), Seção I - Introduction and Motivation (p.1), Seção III - Our Contributions (p.3)",Ok
E25,"De Croon, R.; Klerkx, J.; Duval, E. (2014). Designing a Useful and Usable Mobile EMR Application through a Participatory Design Methodology: A Case Study. 2014 IEEE International Conference on Healthcare Informatics (ICHI).",AQ2,O contexto de desenvolvimento de software/digital está descrito?,1,"Contexto de software/digital bem caracterizado: aplicação EMR móvel (tablet/Android) para clínicos gerais durante visitas domiciliares na Bélgica, com revisão de EMRs existentes e affordances móveis (GPS, multi-touch, camera).","Seção I (p.1), Seção V-A - Stage 1 initial exploration (p.4), Seção VI-A - mobile affordances (p.5)",Ok
E25,"De Croon, R.; Klerkx, J.; Duval, E. (2014). Designing a Useful and Usable Mobile EMR Application through a Participatory Design Methodology: A Case Study. 2014 IEEE International Conference on Healthcare Informatics (ICHI).",AQ3,A abordagem de ER é explicitada?,1,"ER explicitada como análise/elicitação de requisitos de usuário: identificação de necessidades dos GPs, cinco considerações convertidas em cinco requisitos de design, com refinamento de conjuntos de dados de pesquisas anteriores. O próprio artigo descreve conduzir uma requirement analysis.","Seção III (p.3), Seção VI - Design Description requisitos 1 a 5 (p.4-7), Seção IX - Future Work and Conclusion (p.9)",Ok
E25,"De Croon, R.; Klerkx, J.; Duval, E. (2014). Designing a Useful and Usable Mobile EMR Application through a Participatory Design Methodology: A Case Study. 2014 IEEE International Conference on Healthcare Informatics (ICHI).",AQ4,A abordagem de design é explicitada?,1,"Design participativo explicitado e fundamentado (metodologia de Spinuzzi em três estágios), complementado por prototipação rápida iterativa (RITE) e avaliação de usabilidade (SUS, CAAFI). Seção de related work dedicada a PD em saude.","Seção IV - Methodology (p.3), Seção V - Participatory Design Process (p.4), Seção II-D - Participatory design applied in health research (p.2)",Ok
E25,"De Croon, R.; Klerkx, J.; Duval, E. (2014). Designing a Useful and Usable Mobile EMR Application through a Participatory Design Methodology: A Case Study. 2014 IEEE International Conference on Healthcare Informatics (ICHI).",AQ5,A forma de integração entre ER e design é descrita com detalhes suficientes?,1,"Integração descrita de forma concreta e rastreável: cinco considerações elicitadas convertidas em cinco requisitos, com a evolução do dashboard de nove para seis elementos documentada prototipo a prototipo (Tabela I) e ligada às decisões iterativas de design da interface.","Seção VI - Design Description (p.4-7), Tabela I (p.5), Figura 8 - timeline de prototipos (p.9)",Ok
E25,"De Croon, R.; Klerkx, J.; Duval, E. (2014). Designing a Useful and Usable Mobile EMR Application through a Participatory Design Methodology: A Case Study. 2014 IEEE International Conference on Healthcare Informatics (ICHI).",AQ6,"Há evidências empíricas, relato de aplicação ou avaliação da abordagem?",1,"Evidência empírica forte: estudo de caso com prototipação iterativa avaliada em tres etapas (19 GPs, 6 especialistas em usabilidade, 53 estudantes do ultimo ano), com instrumentos quantitativos SUS (80 experts, 70 estudantes), CAAFI e avaliacao Likert por tela. Não é argumentação nem exemplo ilustrativo.","Seção V - Participatory Design Process (p.4), Seção VII - Usability Evaluation (p.7-8), Figuras 5-7 (p.8)",Ok
E25,"De Croon, R.; Klerkx, J.; Duval, E. (2014). Designing a Useful and Usable Mobile EMR Application through a Participatory Design Methodology: A Case Study. 2014 IEEE International Conference on Healthcare Informatics (ICHI).",AQ7,"Benefícios, limitações ou desafios são relatados?",1,"Benefícios (otimização do uso do EMR móvel, refinamento dos dados relevantes, descoberta da discrepância geracional SOAP vs evidence-based) e desafios (lei belga sobre prescrição em papel, cold start do sistema de sugestão, restrições de tempo das entrevistas) claramente relatados na discussão e conclusão.","Seção VIII - Discussion (p.8-9), Seção IX - Future Work and Conclusion (p.9-10)",Ok
E25,"De Croon, R.; Klerkx, J.; Duval, E. (2014). Designing a Useful and Usable Mobile EMR Application through a Participatory Design Methodology: A Case Study. 2014 IEEE International Conference on Healthcare Informatics (ICHI).",AQ8,"As ameaças à validade, limitações ou condições de aplicabilidade são discutidas?",0.5,"Discute limitações do método e condições de aplicabilidade (impossibilidade de observar visita domiciliar real por confidencialidade, necessidade de testes adicionais para comprovar ganho de tempo, generalização limitada ao mercado belga, SUS omitido na fase inicial), mas NÃO apresenta seção formal de ameaças à validade da evidência empírica no estilo Wohlin (interna/externa/constructo/conclusão). Discute um lado e não o outro.","Seção IV - Methodology (p.3), Seção VIII - Discussion (p.8-9), Seção IX-X (p.9-10)",Ok
E26,"Dalimunthe, K. N. A.; Sabariah, M. K.; Selviandro, N. (2024). Designing Model Tools of Requirement Elicitation Process for ADHD Children's Learning Application. 2024 International Conference on Electrical Engineering and Computer Science (ICECOS).",AQ1,O objetivo do estudo está claramente definido?,1,Objetivo explícito e desdobrado em dois itens: formar um modelo de ferramenta de elicitação para explorar requisitos de aplicações de aprendizagem para crianças com TDAH e analisar a usabilidade do modelo criado.,"Resumo (p.1), Seção I - Introduction objetivos a e b (p.2)",Ok
E26,"Dalimunthe, K. N. A.; Sabariah, M. K.; Selviandro, N. (2024). Designing Model Tools of Requirement Elicitation Process for ADHD Children's Learning Application. 2024 International Conference on Electrical Engineering and Computer Science (ICECOS).",AQ2,O contexto de desenvolvimento de software/digital está descrito?,1,"Contexto de software/digital descrito: aplicação de aprendizagem mobile para crianças com TDAH, baseada em serious game, com protótipo mobile-based da ferramenta de elicitação e diagramas de caso de uso e atividade.","Seção I (p.1), Seção IV-A - Requirement Elicitation Tool Model (p.3), Figuras 3-7 (p.3-4)",Ok
E26,"Dalimunthe, K. N. A.; Sabariah, M. K.; Selviandro, N. (2024). Designing Model Tools of Requirement Elicitation Process for ADHD Children's Learning Application. 2024 International Conference on Electrical Engineering and Computer Science (ICECOS).",AQ3,A abordagem de ER é explicitada?,1,"ER explicitada e central: o foco do estudo é o processo de elicitação de requisitos, com seção conceitual dedicada e modelagem de ferramenta de apoio à elicitação para o desenvolvimento da aplicação.","Seção II-B - Requirement Elicitation (p.2), Seção IV-A (p.3)",Ok
E26,"Dalimunthe, K. N. A.; Sabariah, M. K.; Selviandro, N. (2024). Designing Model Tools of Requirement Elicitation Process for ADHD Children's Learning Application. 2024 International Conference on Electrical Engineering and Computer Science (ICECOS).",AQ4,A abordagem de design é explicitada?,1,"UCD explicitado com seção conceitual própria e fluxo de processo em quatro fases (contexto de uso, especificar requisitos do usuário, produzir solução de design, avaliar design), aplicado como método condutor do estudo.","Seção II-C - User-Centered Design (p.2), Seção III-B - Modelling the Tools (p.2), Figura 2 (p.3)",Ok
E26,"Dalimunthe, K. N. A.; Sabariah, M. K.; Selviandro, N. (2024). Designing Model Tools of Requirement Elicitation Process for ADHD Children's Learning Application. 2024 International Conference on Electrical Engineering and Computer Science (ICECOS).",AQ5,A forma de integração entre ER e design é descrita com detalhes suficientes?,0.5,"A integração é declarada (UCD usado para construir um modelo de ferramenta de elicitação, adaptado do modelo de Sabariah et al.) e ilustrada com diagramas, mas falta rastreabilidade de como os achados das entrevistas se converteram nos aspectos do modelo e nas decisões de design. Informação existe porém incompleta e superficial.","Seção III-B (p.2), Seção IV-A (p.3), Figuras 3-4 (p.3-4)",Ok
E26,"Dalimunthe, K. N. A.; Sabariah, M. K.; Selviandro, N. (2024). Designing Model Tools of Requirement Elicitation Process for ADHD Children's Learning Application. 2024 International Conference on Electrical Engineering and Computer Science (ICECOS).",AQ6,"Há evidências empíricas, relato de aplicação ou avaliação da abordagem?",1,"Avaliação empírica real: questionário TAM aplicado a 36 respondentes com resultados quantitativos (PEU 87,22%, POU 85,31%, AOT 83,80%), além de entrevistas com especialistas em TDAH na fase de contexto. Não é apenas argumentação. Ressalva: avaliação feita com desenvolvedores de software, não com os usuários-fim.","Seção III-B-4 - Evaluate Design (p.3), Seção IV (p.4), Tabelas I e II (p.5)",Ok
E26,"Dalimunthe, K. N. A.; Sabariah, M. K.; Selviandro, N. (2024). Designing Model Tools of Requirement Elicitation Process for ADHD Children's Learning Application. 2024 International Conference on Electrical Engineering and Computer Science (ICECOS).",AQ7,"Benefícios, limitações ou desafios são relatados?",0.5,"Benefícios relatados de forma clara (resultados TAM positivos, justificativa do uso de serious game para TDAH), mas limitações e desafios do trabalho quase não são tratados; a conclusão limita-se a apontar benchmarking como trabalho futuro, sem discussão substantiva de desafios enfrentados.","Seção IV (p.4), Seção V - Conclusion (p.5)",Ok
E26,"Dalimunthe, K. N. A.; Sabariah, M. K.; Selviandro, N. (2024). Designing Model Tools of Requirement Elicitation Process for ADHD Children's Learning Application. 2024 International Conference on Electrical Engineering and Computer Science (ICECOS).",AQ8,"As ameaças à validade, limitações ou condições de aplicabilidade são discutidas?",0,"Não há seção de ameaças à validade nem discussão de limitações do método. O estudo não reconhece restrições como avaliar com 36 desenvolvedores em vez dos usuários-fim, viés ou limites de generalização; a única projeção futura (benchmarking) não constitui discussão de ameaça ou limitação.",Seção V - Conclusion (p.5),Ok
E27,"De Silva, L.; Goonetillake, J.; Wikramanayake, G.; Ginige, T.; Ginige, A.; Vitiello, G.; Sebillo, M.; Di Giovanni, P.; Tortora, G.; Tucci, M. (2014). Design Science Research Based Blended Approach for Usability Driven Requirements Gathering and Application Development. UsARE 2014 (2nd International Workshop on Usability and Accessibility Focused Requirements Engineering), IEEE.",AQ1,O objetivo do estudo está claramente definido?,1,"Objetivo explícito no resumo e na introdução: enfrentar o desafio de extrair requisitos de usuário (funcionais e de usabilidade) para soluções ICT inovadoras em problemas vagos, mesclando técnicas de SE e HCI dentro de um framework DSR, e derivar um framework generalizável.","Resumo (p.1), Seção I - Introduction (p.1)",Ok
E27,"De Silva, L.; Goonetillake, J.; Wikramanayake, G.; Ginige, T.; Ginige, A.; Vitiello, G.; Sebillo, M.; Di Giovanni, P.; Tortora, G.; Tucci, M. (2014). Design Science Research Based Blended Approach for Usability Driven Requirements Gathering and Application Development. UsARE 2014 (2nd International Workshop on Usability and Accessibility Focused Requirements Engineering), IEEE.",AQ2,O contexto de desenvolvimento de software/digital está descrito?,1,"Contexto de software/digital bem caracterizado: solução mobile (Android 4.0) para o problema de superprodução agrícola no Sri Lanka, com web services, backend, repositório de conhecimento de culturas e prototipação em papel e funcional.","Seção III - Problem Domain (p.2), Seção IV-B (p.4), Seção V (p.5-6)",Ok
E27,"De Silva, L.; Goonetillake, J.; Wikramanayake, G.; Ginige, T.; Ginige, A.; Vitiello, G.; Sebillo, M.; Di Giovanni, P.; Tortora, G.; Tucci, M. (2014). Design Science Research Based Blended Approach for Usability Driven Requirements Gathering and Application Development. UsARE 2014 (2nd International Workshop on Usability and Accessibility Focused Requirements Engineering), IEEE.",AQ3,A abordagem de ER é explicitada?,1,"ER explicitada e central: o foco é o gathering/elicitation de requisitos funcionais e de usabilidade, conduzido via surveys, entrevistas, análise causal, personas e cenários, com discussão da interrelação entre requisitos funcionais e de usabilidade.","Seção I (p.1), Seção II - Literature Review (p.2), Seção IV-A (p.3), Seção V (p.6)",Ok
E27,"De Silva, L.; Goonetillake, J.; Wikramanayake, G.; Ginige, T.; Ginige, A.; Vitiello, G.; Sebillo, M.; Di Giovanni, P.; Tortora, G.; Tucci, M. (2014). Design Science Research Based Blended Approach for Usability Driven Requirements Gathering and Application Development. UsARE 2014 (2nd International Workshop on Usability and Accessibility Focused Requirements Engineering), IEEE.",AQ4,A abordagem de design é explicitada?,1,"UCD explicitamente declarado e fundamentado (ISO 13407), operacionalizado por personas, cenários, prototipação em papel/funcional e avaliação iterativa, dentro de um framework de pesquisa DSR que mescla técnicas de SE e HCI.","Seção IV (p.3-5), Seção V - Research Approach and Discussion (p.5-6)",Ok
E27,"De Silva, L.; Goonetillake, J.; Wikramanayake, G.; Ginige, T.; Ginige, A.; Vitiello, G.; Sebillo, M.; Di Giovanni, P.; Tortora, G.; Tucci, M. (2014). Design Science Research Based Blended Approach for Usability Driven Requirements Gathering and Application Development. UsARE 2014 (2nd International Workshop on Usability and Accessibility Focused Requirements Engineering), IEEE.",AQ5,A forma de integração entre ER e design é descrita com detalhes suficientes?,1,"Integração descrita de forma concreta e rastreável: características de usabilidade (efetividade, eficiência, satisfação) derivadas iterativamente via causal map, personas/cenários e protótipos, mapeadas a quatro ciclos DSR, com interrelação explícita entre requisitos funcionais e de usabilidade e um framework de processo generalizado.","Seção IV-A a IV-D (p.3-5), Figura 2 (p.5), Figura 5 (p.7)",Ok
E27,"De Silva, L.; Goonetillake, J.; Wikramanayake, G.; Ginige, T.; Ginige, A.; Vitiello, G.; Sebillo, M.; Di Giovanni, P.; Tortora, G.; Tucci, M. (2014). Design Science Research Based Blended Approach for Usability Driven Requirements Gathering and Application Development. UsARE 2014 (2nd International Workshop on Usability and Accessibility Focused Requirements Engineering), IEEE.",AQ6,"Há evidências empíricas, relato de aplicação ou avaliação da abordagem?",1,"Evidência empírica forte: estudo de campo aplicado com 123 fazendeiros entrevistados/pesquisados e protótipo funcional Android testado com amostra de 32 fazendeiros, com dados quantitativos de efetividade (respostas Likert), tempos de conclusão de tarefa (media, mediana, desvio) e satisfação via SUMI.","Seção IV-B (p.4), Tabela 1 (p.4), Seção IV-C e Tabela 2 (p.4), Seção IV-D (p.4-5)",Ok
E27,"De Silva, L.; Goonetillake, J.; Wikramanayake, G.; Ginige, T.; Ginige, A.; Vitiello, G.; Sebillo, M.; Di Giovanni, P.; Tortora, G.; Tucci, M. (2014). Design Science Research Based Blended Approach for Usability Driven Requirements Gathering and Application Development. UsARE 2014 (2nd International Workshop on Usability and Accessibility Focused Requirements Engineering), IEEE.",AQ7,"Benefícios, limitações ou desafios são relatados?",1,"Seção dedicada de Advantages e Short Comings: benefícios (captura de requisitos em problema vago, participação proativa dos usuários, acomodação de requisitos evolutivos, colaboração de equipe distribuída) e desafios (necessidade de expertise ampla, dependência de envolvimento ativo dos usuários, ausência de fundos) claramente relatados.","Seção V-A - Advantages (p.7), Seção V-B - Short Comings (p.7)",Ok
E27,"De Silva, L.; Goonetillake, J.; Wikramanayake, G.; Ginige, T.; Ginige, A.; Vitiello, G.; Sebillo, M.; Di Giovanni, P.; Tortora, G.; Tucci, M. (2014). Design Science Research Based Blended Approach for Usability Driven Requirements Gathering and Application Development. UsARE 2014 (2nd International Workshop on Usability and Accessibility Focused Requirements Engineering), IEEE.",AQ8,"As ameaças à validade, limitações ou condições de aplicabilidade são discutidas?",0.5,"Discute limitações do método e condições de aplicabilidade (expertise ampla necessária, dependência de usuários ativos, abordagem aplicada e testada em um único problema com generalização a verificar em saude e pesca), mas NÃO apresenta seção formal de ameaças à validade da evidência empírica no estilo Wohlin (interna/externa/constructo/conclusão). Discute um lado e não o outro.","Seção V-B - Short Comings (p.7), Seção V-A (p.7), Seção VI - Conclusion (p.7)",Ok
E28,"Levy, M.; Huli, C. (2019). Design Thinking in a Nutshell for Eliciting Requirements of a Business Process: A Case Study of a Design Thinking Workshop. 2019 IEEE 27th International Requirements Engineering Conference (RE).",AQ1,O objetivo do estudo está claramente definido?,1,"Objetivo explícito no resumo e na introdução: explorar o impacto de um workshop de DT sobre a elicitação de requisitos de processos de negócio, com questão de pesquisa formalmente declarada sobre como praticar DT em formato de workshop influencia essa elicitação.","Resumo (p.1), Seção I - Introduction com a research question (p.1)",Ok
E28,"Levy, M.; Huli, C. (2019). Design Thinking in a Nutshell for Eliciting Requirements of a Business Process: A Case Study of a Design Thinking Workshop. 2019 IEEE 27th International Requirements Engineering Conference (RE).",AQ2,O contexto de desenvolvimento de software/digital está descrito?,1,"Contexto descrito: grande organização tecnológica de desenvolvimento de hardware e software, com o Departamento de Sistemas de Informação como executor e artefatos digitais propostos (interface interativa e smart file). Ressalva: o alvo primário da elicitação é um processo de negócio (procurement), com desdobramento técnico/digital.","Seção IV - The Exploratory Case Study (p.2), Seção IV-A Organizational Context (p.2), Seção IV-C e Figura 1 (p.3-4)",Ok
E28,"Levy, M.; Huli, C. (2019). Design Thinking in a Nutshell for Eliciting Requirements of a Business Process: A Case Study of a Design Thinking Workshop. 2019 IEEE 27th International Requirements Engineering Conference (RE).",AQ3,A abordagem de ER é explicitada?,1,"ER explicitada e central: elicitação de requisitos de processos de negócio, com seção conceitual dedicada que discute os problemas da elicitação orientada a solução e o uso de business concerns para conduzir a elicitação; o workshop produz requisitos efetivos do processo.","Seção III - Business Process Requirements Elicitation (p.2), Seção IV-D Findings (p.5)",Ok
E28,"Levy, M.; Huli, C. (2019). Design Thinking in a Nutshell for Eliciting Requirements of a Business Process: A Case Study of a Design Thinking Workshop. 2019 IEEE 27th International Requirements Engineering Conference (RE).",AQ4,A abordagem de design é explicitada?,1,"Design Thinking explicitado e fundamentado sob as três perspectivas de mindset, process e toolbox, com seção própria detalhando empathy map, personas, ideação divergente/convergente e prototipação, todas praticadas no workshop.","Seção II - Design Thinking (p.1-2), Seção IV-C The Design Thinking Workshop (p.3)",Ok
E28,"Levy, M.; Huli, C. (2019). Design Thinking in a Nutshell for Eliciting Requirements of a Business Process: A Case Study of a Design Thinking Workshop. 2019 IEEE 27th International Requirements Engineering Conference (RE).",AQ5,A forma de integração entre ER e design é descrita com detalhes suficientes?,1,"Integração descrita de forma concreta e rastreável: o workshop DT é o próprio mecanismo de elicitação, com passo a passo (identificação de 34 problemas, categorização, empathy maps, ideação, prototipação) e cinco formas explícitas pelas quais o DT fomenta a elicitação de requisitos do processo, além de um framework generalizado proposto.","Seção IV-C (p.3-4), Seção IV-D Findings cinco perspectivas (p.5), Seção V e Figura 2 (p.5-6)",Ok
E28,"Levy, M.; Huli, C. (2019). Design Thinking in a Nutshell for Eliciting Requirements of a Business Process: A Case Study of a Design Thinking Workshop. 2019 IEEE 27th International Requirements Engineering Conference (RE).",AQ6,"Há evidências empíricas, relato de aplicação ou avaliação da abordagem?",0.5,"Há aplicação real (workshop DT de tres horas em organização real, com stakeholders, problemas e protótipos efetivamente gerados), o que supera a mera proposta conceitual. Porém é estudo de caso exploratório único, qualitativo, com action research em que a facilitadora é coautora, sem validação independente nem dados quantitativos. Aplicação real sem validação independente = Parcial.","Seção IV-B Research Method (p.2-3), Seção IV-C (p.3-4), Seção IV-D (p.5)",Ok
E28,"Levy, M.; Huli, C. (2019). Design Thinking in a Nutshell for Eliciting Requirements of a Business Process: A Case Study of a Design Thinking Workshop. 2019 IEEE 27th International Requirements Engineering Conference (RE).",AQ7,"Benefícios, limitações ou desafios são relatados?",1,"Benefícios bem relatados (promoção do diálogo entre stakeholders, exposição de múltiplas vozes, empatia entre departamentos, foco no espaço-problema, novos requisitos humanos e técnicos) e desafios reportados (ceticismo inicial dos participantes, limitação de tempo que impediu prototipo real de video).","Seção IV-D Findings (p.5), Seção IV-C (p.4), Seção VI - Discussion and Conclusion (p.6)",Ok
E28,"Levy, M.; Huli, C. (2019). Design Thinking in a Nutshell for Eliciting Requirements of a Business Process: A Case Study of a Design Thinking Workshop. 2019 IEEE 27th International Requirements Engineering Conference (RE).",AQ8,"As ameaças à validade, limitações ou condições de aplicabilidade são discutidas?",0.5,"Discute limitações do estudo (baseado em um único caso, necessidade de mais pesquisa para generalizar) e reconhece a influência da facilitadora-coautora como motivação para adotar action research, mas NÃO apresenta seção formal de ameaças à validade da evidência no estilo Wohlin (interna/externa/constructo/conclusão). Discute um lado e não o outro.","Seção IV-B Research Method (p.2-3), Seção VI - Discussion and Conclusion (p.6)",Ok
E29,"Kahan, E.; Genero, M.; Bernárdez, B.; Oliveros, A. (2025). Design Thinking in Requirements Engineering: Understanding the Role of Internal and External Empathy. 2025 IEEE 33rd International Requirements Engineering Conference (RE).",AQ1,O objetivo do estudo está claramente definido?,1,"Objetivo explícito no resumo e formalizado via template GQM: analisar o papel da empatia (interna e externa) na elicitação de requisitos, comparando Vision Canvas e Empathy Map, com hipóteses nulas definidas por variável dependente.","Resumo (p.1), Seção I - Introduction (p.1), Seção III-A Goal variables and design (p.3)",Ok
E29,"Kahan, E.; Genero, M.; Bernárdez, B.; Oliveros, A. (2025). Design Thinking in Requirements Engineering: Understanding the Role of Internal and External Empathy. 2025 IEEE 33rd International Requirements Engineering Conference (RE).",AQ2,O contexto de desenvolvimento de software/digital está descrito?,1,"Contexto descrito: elicitação de requisitos de software (user stories) para o sistema de um centro de adoção animal (MODEPRAN), no âmbito de um curso de Engenharia de Software, com objeto experimental e domínio detalhados.","Seção III-C Experimental object (p.4), Seção III-B Subject selection (p.3-4)",Ok
E29,"Kahan, E.; Genero, M.; Bernárdez, B.; Oliveros, A. (2025). Design Thinking in Requirements Engineering: Understanding the Role of Internal and External Empathy. 2025 IEEE 33rd International Requirements Engineering Conference (RE).",AQ3,A abordagem de ER é explicitada?,1,"ER explicitada e central: o estudo trata de elicitação de requisitos e identificação de stakeholders, ancorado no processo de elicitação baseado em DT (PRO-RE-DT), com seção de fundamentação dedicada a requirements elicitation e DT.","Seção I (p.1), Seção II-A Requirements Elicitation and DT (p.2), Seção II-B The Role of Empathy (p.2)",Ok
E29,"Kahan, E.; Genero, M.; Bernárdez, B.; Oliveros, A. (2025). Design Thinking in Requirements Engineering: Understanding the Role of Internal and External Empathy. 2025 IEEE 33rd International Requirements Engineering Conference (RE).",AQ4,A abordagem de design é explicitada?,1,"Design Thinking explicitado e fundamentado, com as técnicas Vision Canvas (empatia interna) e Empathy Map (empatia externa) detalhadas em conceito e em uso, distinguindo empatia interna e externa como sub-atividades do processo.","Seção I com descrição das técnicas (p.1), Seção II-B The Role of Empathy (p.2)",Ok
E29,"Kahan, E.; Genero, M.; Bernárdez, B.; Oliveros, A. (2025). Design Thinking in Requirements Engineering: Understanding the Role of Internal and External Empathy. 2025 IEEE 33rd International Requirements Engineering Conference (RE).",AQ5,A forma de integração entre ER e design é descrita com detalhes suficientes?,1,"Integração descrita com alto detalhe e rastreabilidade: sub-atividades de empatia interna/externa mapeadas a técnicas concretas integradas ao Brainstorming, tarefas por tratamento especificadas e a contribuição de cada técnica medida via variáveis dependentes (completeness, insightfulness, effectiveness). Integração não apenas declarada, mas testada experimentalmente.","Seção III-A e Tabela I (p.3), Seção III-D Experimental Tasks (p.4), Seção III-E e Tabela III (p.4-5)",Ok
E29,"Kahan, E.; Genero, M.; Bernárdez, B.; Oliveros, A. (2025). Design Thinking in Requirements Engineering: Understanding the Role of Internal and External Empathy. 2025 IEEE 33rd International Requirements Engineering Conference (RE).",AQ6,"Há evidências empíricas, relato de aplicação ou avaliação da abordagem?",1,"Evidência empírica do nível mais alto: quase-experimento controlado com 138 estudantes, três tratamentos com grupo de controle, desenho between-subject, hipóteses formais, testes estatísticos (Shapiro-Wilk, Mann-Whitney U, Kruskal-Wallis), effect sizes e observed power, survey TAM e artefato de pesquisa disponível no Zenodo.","Seção III - Experiment Description (p.3-5), Seção IV - Data Analysis e Tabelas V-VIII (p.5-7), Data Availability (p.11)",Ok
E29,"Kahan, E.; Genero, M.; Bernárdez, B.; Oliveros, A. (2025). Design Thinking in Requirements Engineering: Understanding the Role of Internal and External Empathy. 2025 IEEE 33rd International Requirements Engineering Conference (RE).",AQ7,"Benefícios, limitações ou desafios são relatados?",1,"Benefícios relatados com base em dados (empatia interna antes da externa tende a ampliar identificação de stakeholders e insights; tratamentos com empatia superam o controle em 45% e 20% na geração de requisitos) e desafios reportados (carga cognitiva adicional de T1, dificuldade de classificação, variabilidade, tamanho de amostra pequeno por equipes).","Seção IV-A a IV-C (p.5-9), Tabelas XII e XIII (p.10), Seção VI - Conclusions (p.11)",Ok
E29,"Kahan, E.; Genero, M.; Bernárdez, B.; Oliveros, A. (2025). Design Thinking in Requirements Engineering: Understanding the Role of Internal and External Empathy. 2025 IEEE 33rd International Requirements Engineering Conference (RE).",AQ8,"As ameaças à validade, limitações ou condições de aplicabilidade são discutidas?",1,"Seção dedicada de Threats to Validity estruturada explicitamente nas quatro categorias do framework Wohlin (externa, interna, constructo e conclusão), com ameaças específicas e controles/mitigações em cada uma, incluindo uso de estudantes, confounding temporal, operacionalização das métricas e limitações de tamanho de amostra e poder estatístico.",Seção V - Threats to Validity (p.10-11),Ok
E30,"Mirza, M. S.; Datta, S. (2020). Developing Software Using Agile and Design Thinking Framework. 2020 International Conference on Computational Science and Computational Intelligence (CSCI).",AQ1,O objetivo do estudo está claramente definido?,1,"Objetivo e questões de pesquisa explícitos: reduzir o desenvolvimento de software inútil e investigar se Design Thinking e Agile compartilham os mesmos princípios, com seção própria de research questions.","Resumo (p.1), Seção 3 - Research Questions (p.2)",Ok
E30,"Mirza, M. S.; Datta, S. (2020). Developing Software Using Agile and Design Thinking Framework. 2020 International Conference on Computational Science and Computational Intelligence (CSCI).",AQ2,O contexto de desenvolvimento de software/digital está descrito?,1,"Contexto de software/digital descrito: aplicação Flashcards de e-learning desenvolvida em C# e XML na plataforma Xamarin, com funcionalidades de cartões (criar, editar, remover, flip) detalhadas.","Seção 5 - Validation and Results (p.3-4), Seção 6 - Conclusion (p.4)",Ok
E30,"Mirza, M. S.; Datta, S. (2020). Developing Software Using Agile and Design Thinking Framework. 2020 International Conference on Computational Science and Computational Intelligence (CSCI).",AQ3,A abordagem de ER é explicitada?,0.5,"A ER aparece de forma implícita e diluída no discurso Agile/DT: o estudo trata de entender requisitos do cliente e usa user stories, INVEST, MoSCoW e personas (atividades de ER), mas não nomeia nem estrutura a Engenharia de Requisitos como disciplina nem descreve suas atividades de modo explícito.","Seção 4-B Relationship to Define stage (p.3), Seção 5 - fase Define (p.4)",Ok
E30,"Mirza, M. S.; Datta, S. (2020). Developing Software Using Agile and Design Thinking Framework. 2020 International Conference on Computational Science and Computational Intelligence (CSCI).",AQ4,A abordagem de design é explicitada?,1,"Design Thinking explicitado com as cinco fases (Empathize, Define, Ideate, Prototype, Test) definidas individualmente e ilustradas em figura, usado em combinação com o framework Agile.","Seção 1 - Introduction com Figura 1 (p.1-2), Seção 4 (p.2-3)",Ok
E30,"Mirza, M. S.; Datta, S. (2020). Developing Software Using Agile and Design Thinking Framework. 2020 International Conference on Computational Science and Computational Intelligence (CSCI).",AQ5,A forma de integração entre ER e design é descrita com detalhes suficientes?,1,"Integração descrita em detalhe e é o foco central: a Seção 4 mapeia explicitamente cada estágio do Design Thinking a princípios e manifestos do Agile (Empathize, Define, Ideate, Prototype, Test), e a Seção 5 demonstra a aplicação fase a fase no desenvolvimento do app.","Seção 4-A a 4-E (p.2-3), Seção 5 - Validation and Results (p.3-4)",Ok
E30,"Mirza, M. S.; Datta, S. (2020). Developing Software Using Agile and Design Thinking Framework. 2020 International Conference on Computational Science and Computational Intelligence (CSCI).",AQ6,"Há evidências empíricas, relato de aplicação ou avaliação da abordagem?",0.5,"Há relato de aplicação real (app Flashcards desenvolvido em cinco dias percorrendo as cinco fases do DT, com protótipos testados com a cliente), o que supera a mera proposta conceitual. Porém é relato de caso único e anedótico, com um único usuário, sem validação independente, sem métricas e sem instrumento estruturado. Aplicação ilustrativa sem validação = Parcial.",Seção 5 - Validation and Results (p.3-4),Ok
E30,"Mirza, M. S.; Datta, S. (2020). Developing Software Using Agile and Design Thinking Framework. 2020 International Conference on Computational Science and Computational Intelligence (CSCI).",AQ7,"Benefícios, limitações ou desafios são relatados?",0.5,"Benefícios relatados de forma genérica e argumentativa (redução de software inútil, satisfação do cliente, redução de desperdício de recursos), mas limitações e desafios do próprio estudo praticamente não são tratados.","Seção 2 - Background (p.2), Seção 6 - Conclusion (p.4)",Ok
E30,"Mirza, M. S.; Datta, S. (2020). Developing Software Using Agile and Design Thinking Framework. 2020 International Conference on Computational Science and Computational Intelligence (CSCI).",AQ8,"As ameaças à validade, limitações ou condições de aplicabilidade são discutidas?",0,"Não há discussão de ameaças à validade nem de limitações do estudo. O artigo não reconhece que o uso de um único cliente, sem métricas e em cinco dias, limita a generalização ou a robustez das conclusões.",Seção 6 - Conclusion (p.4),Ok
E32,"Haddad, F. B. B.; Dias, L. M. N.; Corrêa, C. G.; Peres, L. M. (2023). Discovery of Socio-technical Requirements for the Design of a Digital Educational Game. XIX Brazilian Symposium on Information Systems (SBSI '23), ACM.",AQ1,O objetivo do estudo está claramente definido?,1,"Objetivo explícito e formalizado via paradigma GQM: aplicar as técnicas e artefatos do Design Socialmente Consciente para descobrir requisitos sociotécnicos nos níveis informal, formal e técnico, do ponto de vista das partes interessadas, no contexto da construção de um jogo digital para o ensino de Engenharia de Software.","Resumo (p.1), Seção 1.1 Objetivo (p.2)",Ok
E32,"Haddad, F. B. B.; Dias, L. M. N.; Corrêa, C. G.; Peres, L. M. (2023). Discovery of Socio-technical Requirements for the Design of a Digital Educational Game. XIX Brazilian Symposium on Information Systems (SBSI '23), ACM.",AQ2,O contexto de desenvolvimento de software/digital está descrito?,1,"Contexto de software/digital bem caracterizado: construção de um jogo educacional digital para ensino de ES (temas de processo de software, requisitos e gerenciamento de projeto), com protótipos de tela de baixa fidelidade, plataforma OpenDesign e o jogo implementado, testado em sala e avaliado.","Seção 3 Método (p.3), Seção 4.1 e 4.3 (p.4-5), Seção 5 Conclusão (p.6)",Ok
E32,"Haddad, F. B. B.; Dias, L. M. N.; Corrêa, C. G.; Peres, L. M. (2023). Discovery of Socio-technical Requirements for the Design of a Digital Educational Game. XIX Brazilian Symposium on Information Systems (SBSI '23), ACM.",AQ3,A abordagem de ER é explicitada?,1,"ER explicitada e central: o foco é a descoberta/elicitação de requisitos sociotécnicos, com discussão da visão sociotécnica e registro dos requisitos nos degraus da Escada Semiótica (mundo social, pragmático, semântico, sintático, empírico e físico).","Resumo (p.1), Seção 2.1 Visão sociotécnica (p.2), Seção 4.2 e Escada Semiótica (p.4-5)",Ok
E32,"Haddad, F. B. B.; Dias, L. M. N.; Corrêa, C. G.; Peres, L. M. (2023). Discovery of Socio-technical Requirements for the Design of a Digital Educational Game. XIX Brazilian Symposium on Information Systems (SBSI '23), ACM.",AQ4,A abordagem de design é explicitada?,1,"Design Socialmente Consciente (Socially Aware Design) explicitado e fundamentado (Semiótica Organizacional, design universal e design participativo), operacionalizado por oficinas de design semioparticipativo com artefatos próprios (Diagrama de Partes Interessadas, Quadro de Prospecção de Valor, Quadro de Avaliação, Escada Semiótica) e técnicas brainstorming e braindrawing.","Seção 2.2 DSC (p.2), Seção 3 e 3.1 Técnicas e ferramentas (p.3)",Ok
E32,"Haddad, F. B. B.; Dias, L. M. N.; Corrêa, C. G.; Peres, L. M. (2023). Discovery of Socio-technical Requirements for the Design of a Digital Educational Game. XIX Brazilian Symposium on Information Systems (SBSI '23), ACM.",AQ5,A forma de integração entre ER e design é descrita com detalhes suficientes?,1,"Integração descrita de forma concreta e rastreável: os requisitos sociotécnicos emergem diretamente dos artefatos do DSC, com fluxo documentado de problemas e soluções do Quadro de Avaliação para os requisitos da Escada Semiótica, mapeados aos níveis informal, formal e técnico da Cebola Semiótica, incluindo o refinamento dos protótipos via braindrawing.","Seção 4.2 Resultados oficina de design 1 (p.4-5), Seção 4.3 e Figura 9 Escada Semiótica (p.5), Seção 3 (p.3)",Ok
E32,"Haddad, F. B. B.; Dias, L. M. N.; Corrêa, C. G.; Peres, L. M. (2023). Discovery of Socio-technical Requirements for the Design of a Digital Educational Game. XIX Brazilian Symposium on Information Systems (SBSI '23), ACM.",AQ6,"Há evidências empíricas, relato de aplicação ou avaliação da abordagem?",1,"Evidência empírica via aplicação conduzida: quatro oficinas de trabalho e duas oficinas de design semioparticipativo com stakeholders reais (13 participantes na oficina 1), artefatos efetivamente gerados, 20 novos requisitos e 5 alterações de layout produzidos, e questionários pós-oficina com análise qualitativa das técnicas e ferramentas.","Seção 3.2 Planejamento das oficinas (p.3), Seção 4.2 e 4.3 (p.4-5), Figuras 10-11 (p.6)",Ok
E32,"Haddad, F. B. B.; Dias, L. M. N.; Corrêa, C. G.; Peres, L. M. (2023). Discovery of Socio-technical Requirements for the Design of a Digital Educational Game. XIX Brazilian Symposium on Information Systems (SBSI '23), ACM.",AQ7,"Benefícios, limitações ou desafios são relatados?",1,"Benefícios relatados (agregação de valor técnico e social ao design, captura de considerações que passariam despercebidas no desenvolvimento tradicional pela diversidade de stakeholders) e desafios reportados (baixo engajamento de parte dos stakeholders, necessidade de treinamento prévio na plataforma, timidez limitando o brainstorming, tempo insuficiente para a Escada Semiótica).","Seção 4.2 e 4.3 (p.5-6), Seção 5 Conclusão (p.6)",Ok
E32,"Haddad, F. B. B.; Dias, L. M. N.; Corrêa, C. G.; Peres, L. M. (2023). Discovery of Socio-technical Requirements for the Design of a Digital Educational Game. XIX Brazilian Symposium on Information Systems (SBSI '23), ACM.",AQ8,"As ameaças à validade, limitações ou condições de aplicabilidade são discutidas?",0.5,"Há seção dedicada de Limitações (incipiência dos pesquisadores no tema, adaptação de oficinas presenciais para remoto que pode ter reduzido a interação, resultados restritos a um único projeto), reconhecendo limitações do estudo e do método, mas NÃO há seção formal de ameaças à validade da evidência no estilo Wohlin (interna, externa, constructo e conclusão). Discute um lado e não o outro.",Seção 5.2 Limitações (p.7),Ok
E36,"Meireles, M. A. C.; Rocha, S.; Duarte, J. C.; Conte, T.; Maldonado, J. C. (2022). Evaluating Approaches to Selecting Design Thinking Techniques: Quantitative and Qualitative Analysis. Brazilian Symposium on Software Quality (SBQS '22).",AQ1,O objetivo do estudo está claramente definido?,1,Objetivo explícito e estruturado via GQM: comparar a acurácia das abordagens Universo de Seleção e DTA4RE na seleção de técnicas de DT para elicitação de requisitos.,"Resumo (Objective); Seção 4, template GQM, p. 4",Ok
E36,"Meireles, M. A. C.; Rocha, S.; Duarte, J. C.; Conte, T.; Maldonado, J. C. (2022). Evaluating Approaches to Selecting Design Thinking Techniques: Quantitative and Qualitative Analysis. Brazilian Symposium on Software Quality (SBQS '22).",AQ2,O contexto de desenvolvimento de software/digital está descrito?,0.5,"Contexto acadêmico/experimental com cenários que simulam desenvolvimento de software (controle de vacinas, app de delivery, cooperativa de táxis), mas sem contexto de desenvolvimento real; os autores reconhecem que os resultados não se aplicam diretamente à indústria.",Seção 4.2; Seção 4.6,Ok
E36,"Meireles, M. A. C.; Rocha, S.; Duarte, J. C.; Conte, T.; Maldonado, J. C. (2022). Evaluating Approaches to Selecting Design Thinking Techniques: Quantitative and Qualitative Analysis. Brazilian Symposium on Software Quality (SBQS '22).",AQ3,A abordagem de ER é explicitada?,1,"ER definida e situada no ciclo de vida do software, com foco na atividade de elicitação de requisitos, que é o eixo do experimento.",Seção 2.1,Ok
E36,"Meireles, M. A. C.; Rocha, S.; Duarte, J. C.; Conte, T.; Maldonado, J. C. (2022). Evaluating Approaches to Selecting Design Thinking Techniques: Quantitative and Qualitative Analysis. Brazilian Symposium on Software Quality (SBQS '22).",AQ4,A abordagem de design é explicitada?,1,"Design Thinking explicitado com conceito, papel na ER, critérios de seleção de técnicas e catálogo de 27 técnicas mapeadas.","Seções 1, 2.1 e 2.2",Ok
E36,"Meireles, M. A. C.; Rocha, S.; Duarte, J. C.; Conte, T.; Maldonado, J. C. (2022). Evaluating Approaches to Selecting Design Thinking Techniques: Quantitative and Qualitative Analysis. Brazilian Symposium on Software Quality (SBQS '22).",AQ5,A forma de integração entre ER e design é descrita com detalhes suficientes?,1,"A integração ER-DT é o objeto do estudo: as duas abordagens operacionalizam a seleção de técnicas de DT para elicitação, com categorização por objetivo e tabelas de entrada/controle/recursos/saída, incluindo exemplo tabelado.",Seção 3; Tabela 1,Ok
E36,"Meireles, M. A. C.; Rocha, S.; Duarte, J. C.; Conte, T.; Maldonado, J. C. (2022). Evaluating Approaches to Selecting Design Thinking Techniques: Quantitative and Qualitative Analysis. Brazilian Symposium on Software Quality (SBQS '22).",AQ6,"Há evidências empíricas, relato de aplicação ou avaliação da abordagem?",1,"Experimento controlado com 31 participantes, design com blocking e alocação aleatória, análise estatística (teste de Mann-Whitney, p=0,283) e análise qualitativa temática codificada.","Seções 4, 5 e 6",Ok
E36,"Meireles, M. A. C.; Rocha, S.; Duarte, J. C.; Conte, T.; Maldonado, J. C. (2022). Evaluating Approaches to Selecting Design Thinking Techniques: Quantitative and Qualitative Analysis. Brazilian Symposium on Software Quality (SBQS '22).",AQ7,"Benefícios, limitações ou desafios são relatados?",1,"Benefícios (redução do tempo de busca, visualização, categorização), limitações e críticas negativas de participantes são relatados de forma detalhada.",Seções 6 e 8,Ok
E36,"Meireles, M. A. C.; Rocha, S.; Duarte, J. C.; Conte, T.; Maldonado, J. C. (2022). Evaluating Approaches to Selecting Design Thinking Techniques: Quantitative and Qualitative Analysis. Brazilian Symposium on Software Quality (SBQS '22).",AQ8,"As ameaças à validade, limitações ou condições de aplicabilidade são discutidas?",1,"Seção dedicada a ameaças à validade estruturada nas quatro dimensões de Wohlin et al. (interna, externa, conclusão e constructo), com mitigações para cada uma.",Seção 7,Ok
E38,"Losada, B. (2018). Flexible Requirement Development through User Objectives in an Agile-UCD Hybrid Approach. Interacción 2018 (Proceedings of the XIX International Conference on Human Computer Interaction), Palma, Spain.",AQ1,O objetivo do estudo está claramente definido?,1,Objetivo explícito: propor os User Objectives como novo artefato flexível para coleta e desenvolvimento de requisitos em projetos Agile-UCD.,Resumo; fim da Seção 1 (INTRODUCTION),Ok
E38,"Losada, B. (2018). Flexible Requirement Development through User Objectives in an Agile-UCD Hybrid Approach. Interacción 2018 (Proceedings of the XIX International Conference on Human Computer Interaction), Palma, Spain.",AQ2,O contexto de desenvolvimento de software/digital está descrito?,0.5,"Contexto de software interativo e processos ágeis (XP, Scrum, Kanban) descrito de forma genérica, sem projeto ou domínio real; os exemplos usados são hipotéticos e ilustrativos.",Seções 4 e 5; exemplos das Figuras 4 e 5,Ok
E38,"Losada, B. (2018). Flexible Requirement Development through User Objectives in an Agile-UCD Hybrid Approach. Interacción 2018 (Proceedings of the XIX International Conference on Human Computer Interaction), Palma, Spain.",AQ3,A abordagem de ER é explicitada?,1,"ER explicitada em profundidade, com decomposição das disciplinas de requisitos (elicitação, análise, especificação, validação) e o próprio artefato proposto como instrumento de requisitos.",Seção 2 (Agile-UCD Requirements Engineering); Seção 3,Ok
E38,"Losada, B. (2018). Flexible Requirement Development through User Objectives in an Agile-UCD Hybrid Approach. Interacción 2018 (Proceedings of the XIX International Conference on Human Computer Interaction), Palma, Spain.",AQ4,A abordagem de design é explicitada?,1,"UCD/HCD explicitada com suas técnicas (Personas, task analysis, protótipos, avaliação heurística, questionários SUS, CSUQ, PSSUQ, UMUX) mapeadas às atividades.",Seções 2 e 4.3,Ok
E38,"Losada, B. (2018). Flexible Requirement Development through User Objectives in an Agile-UCD Hybrid Approach. Interacción 2018 (Proceedings of the XIX International Conference on Human Computer Interaction), Palma, Spain.",AQ5,A forma de integração entre ER e design é descrita com detalhes suficientes?,1,"Integração descrita em detalhe: o UO desenvolvido por três atividades ordenadas (A1 Especificação, A2 Apresentação, A3 Funcionalidade) conciliando critérios ágeis e UCD, com classificação de tipos de UO e diagramas de progresso.","Seções 4.3, 4.4 e 5",Ok
E38,"Losada, B. (2018). Flexible Requirement Development through User Objectives in an Agile-UCD Hybrid Approach. Interacción 2018 (Proceedings of the XIX International Conference on Human Computer Interaction), Palma, Spain.",AQ6,"Há evidências empíricas, relato de aplicação ou avaliação da abordagem?",0.5,"Não há estudo de caso, experimento ou avaliação reportada; apenas exemplos ilustrativos hipotéticos dos diagramas. Há menção não documentada a aplicação prévia (projetos anteriores com desenhos manuais, 'in our experience'), sem dados ou resultados.",Seções 5.1 e 5.2 (exemplos); Seção 6 (menção a projetos anteriores),Ok
E38,"Losada, B. (2018). Flexible Requirement Development through User Objectives in an Agile-UCD Hybrid Approach. Interacción 2018 (Proceedings of the XIX International Conference on Human Computer Interaction), Palma, Spain.",AQ7,"Benefícios, limitações ou desafios são relatados?",1,"Benefícios da proposta (flexibilidade, modularização, priorização, visualização) e desafios da integração Agile-UCD, além de limitações dos artefatos existentes (ex.: omissão de requisitos não-funcionais em use cases e user stories), são relatados.","Seções 1, 3 e 6",Ok
E38,"Losada, B. (2018). Flexible Requirement Development through User Objectives in an Agile-UCD Hybrid Approach. Interacción 2018 (Proceedings of the XIX International Conference on Human Computer Interaction), Palma, Spain.",AQ8,"As ameaças à validade, limitações ou condições de aplicabilidade são discutidas?",0.5,"Discute condições de aplicabilidade (up-front vs. just-in-time conforme o contexto) e limitações da proposta (custo da rastreabilidade, ausência de ferramenta), mas não há seção formal de ameaças à validade, pois não há evidência empírica sobre a qual discuti-las.",Seção 6 (CONCLUSIONS); Seção 5,Ok
E40,"Costa, A. J. S. da; Abreu, V. L.; Pinheiro, A. L. C.; Souza, C. R. B. de. (2025). Fostering Organizational Creativity by Integrating Design Thinking and Intrapreneurship. IEEE Software, v. 42, n. 3 (May/June 2025).",AQ1,O objetivo do estudo está claramente definido?,1,"Objetivo claro: investigar como o Design Thinking, integrado a um programa de intrapreneurship, fomenta a criatividade em uma empresa brasileira de desenvolvimento de software.","Resumo; parágrafo introdutório ('In this context, this article presents...')",Ok
E40,"Costa, A. J. S. da; Abreu, V. L.; Pinheiro, A. L. C.; Souza, C. R. B. de. (2025). Fostering Organizational Creativity by Integrating Design Thinking and Intrapreneurship. IEEE Software, v. 42, n. 3 (May/June 2025).",AQ2,O contexto de desenvolvimento de software/digital está descrito?,1,"Contexto descrito com precisão: empresa 'Alpha', cerca de 130 funcionários, sede em Belém/Brasil, clientes do setor público, com projetos de software específicos (qualificação de funcionários, gestão de portfólio, telefonia móvel e domínio médico).",Seções 'Alpha' e 'The Two Action Research Cycles'; Tabela 1,Ok
E40,"Costa, A. J. S. da; Abreu, V. L.; Pinheiro, A. L. C.; Souza, C. R. B. de. (2025). Fostering Organizational Creativity by Integrating Design Thinking and Intrapreneurship. IEEE Software, v. 42, n. 3 (May/June 2025).",AQ3,A abordagem de ER é explicitada?,0.5,"ER abordada de forma implícita e superficial: há referência à elicitação de requisitos e à mudança de postura dos funcionários (de aceitar requisitos do cliente para avaliar necessidades reais dos usuários), mas a ER não é objeto estruturado do estudo, aparecendo como efeito colateral do DT.",Introdução (benefícios do DT); Seção 'Results' (falas dos colaboradores 4 e 5),Ok
E40,"Costa, A. J. S. da; Abreu, V. L.; Pinheiro, A. L. C.; Souza, C. R. B. de. (2025). Fostering Organizational Creativity by Integrating Design Thinking and Intrapreneurship. IEEE Software, v. 42, n. 3 (May/June 2025).",AQ4,A abordagem de design é explicitada?,1,"Design Thinking explicitado com profundidade: quatro fases de imersão (problema, solução, negócio e aprendizado) e técnicas nominadas (desk research, entrevistas, personas, mapa de empatia, brainstorming, protótipos, value proposition canvas, lean canvas).",Seção 'The Intrapreneurship Program',Ok
E40,"Costa, A. J. S. da; Abreu, V. L.; Pinheiro, A. L. C.; Souza, C. R. B. de. (2025). Fostering Organizational Creativity by Integrating Design Thinking and Intrapreneurship. IEEE Software, v. 42, n. 3 (May/June 2025).",AQ5,A forma de integração entre ER e design é descrita com detalhes suficientes?,0.5,"A integração detalhada é DT-intrapreneurship, não ER-design. A ponte entre DT e requisitos existe (DT nas fases iniciais melhora o entendimento de necessidades), mas é descrita de forma indireta, sem detalhar como os artefatos de DT alimentam atividades de ER.",Seção 'The Intrapreneurship Program'; Introdução,Ok
E40,"Costa, A. J. S. da; Abreu, V. L.; Pinheiro, A. L. C.; Souza, C. R. B. de. (2025). Fostering Organizational Creativity by Integrating Design Thinking and Intrapreneurship. IEEE Software, v. 42, n. 3 (May/June 2025).",AQ6,"Há evidências empíricas, relato de aplicação ou avaliação da abordagem?",1,"Evidência empírica robusta: action research com dois ciclos e sete intrapreneurs, coleta por cinco instrumentos (reuniões, questionários semanais, treinamentos gravados, retrospectivas e brainstorming) e análise temática com validação junto aos participantes.","Seções 'The Study', 'The Two Action Research Cycles' e 'Results'",Ok
E40,"Costa, A. J. S. da; Abreu, V. L.; Pinheiro, A. L. C.; Souza, C. R. B. de. (2025). Fostering Organizational Creativity by Integrating Design Thinking and Intrapreneurship. IEEE Software, v. 42, n. 3 (May/June 2025).",AQ7,"Benefícios, limitações ou desafios são relatados?",1,"Benefícios (ambiente propício à criatividade, redução da resistência ao DT, aquisição de conhecimento, obtenção de financiamento externo por dois grupos) e desafios/limitações amplamente relatados, incluindo falas negativas e restrições de tempo.","Seções 'Results', 'Study's Limitations' e 'Lessons Learned'",Ok
E40,"Costa, A. J. S. da; Abreu, V. L.; Pinheiro, A. L. C.; Souza, C. R. B. de. (2025). Fostering Organizational Creativity by Integrating Design Thinking and Intrapreneurship. IEEE Software, v. 42, n. 3 (May/June 2025).",AQ8,"As ameaças à validade, limitações ou condições de aplicabilidade são discutidas?",1,"Seção dedicada às limitações discutindo ameaças concretas: aplicação em empresa única, vieses inerentes ao action research, não-generalização, restrição de tempo e viés de auto-seleção explicitamente nomeado.",Seção 'Study's Limitations',Ok
E43,"Otuu, O. O.; Sahoo, D. (2025). How Should We Design Technology With Diverse Stakeholders Who Wish Not to Attend Design Activities Together?. CHI Conference on Human Factors in Computing Systems (CHI '25).",AQ1,O objetivo do estudo está claramente definido?,1,"Objetivo e pergunta de pesquisa explícitos: como projetar tecnologia com stakeholders diversos que não desejam participar juntos das atividades de design, culminando na proposta do framework Conflict-Sensitive Design (CSD).",Resumo; fim da Seção 1 (Introduction),
E43,"Otuu, O. O.; Sahoo, D. (2025). How Should We Design Technology With Diverse Stakeholders Who Wish Not to Attend Design Activities Together?. CHI Conference on Human Factors in Computing Systems (CHI '25).",AQ2,O contexto de desenvolvimento de software/digital está descrito?,1,"Contexto digital bem descrito: projeto de dois anos para desenhar tecnologia de community policing na Nigéria (app de CP e body-worn cameras com serviço digital), com stakeholders, cenários e artefatos concretos.",Seção 4 e subseções (CSD case study),
E43,"Otuu, O. O.; Sahoo, D. (2025). How Should We Design Technology With Diverse Stakeholders Who Wish Not to Attend Design Activities Together?. CHI Conference on Human Factors in Computing Systems (CHI '25).",AQ3,A abordagem de ER é explicitada?,1,"ER explicitada: 'Requirements gathering' é fase nomeada do framework (Fase 2), operacionalizada no estudo de caso via survey (1200 respondentes) e 18 entrevistas para levantar necessidades e preferências de tecnologia.","Seções 3.2 (Phase 2), 4.1 e 4.2",
E43,"Otuu, O. O.; Sahoo, D. (2025). How Should We Design Technology With Diverse Stakeholders Who Wish Not to Attend Design Activities Together?. CHI Conference on Human Factors in Computing Systems (CHI '25).",AQ4,A abordagem de design é explicitada?,1,"Abordagem de design explicitada com profundidade: Co-Design/Participatory Design como núcleo, revisão de Value Sensitive Design, Non-collocated Design e Design Justice, e o framework CSD de seis fases com técnicas de mediação detalhadas.",Seções 2 e 3,
E43,"Otuu, O. O.; Sahoo, D. (2025). How Should We Design Technology With Diverse Stakeholders Who Wish Not to Attend Design Activities Together?. CHI Conference on Human Factors in Computing Systems (CHI '25).",AQ5,A forma de integração entre ER e design é descrita com detalhes suficientes?,1,"Integração descrita em detalhe: as fases de requirements gathering (1-2) alimentam os workshops de co-design (3-5), com iteração até acordo e formalização; o estudo de caso mostra o encadeamento completo requisitos-design-avaliação.",Seções 3.2 e 4.3,
E43,"Otuu, O. O.; Sahoo, D. (2025). How Should We Design Technology With Diverse Stakeholders Who Wish Not to Attend Design Activities Together?. CHI Conference on Human Factors in Computing Systems (CHI '25).",AQ6,"Há evidências empíricas, relato de aplicação ou avaliação da abordagem?",1,"Evidência empírica robusta e multi-método: survey (n=1200, Cronbach 0,785, teste binomial), 18 entrevistas com análise temática (NVivo), cinco workshops iterativos de co-design e dois focus groups de avaliação, ao longo de dois anos e com aprovação ética.","Seções 4.1, 4.2, 4.3 e 4.4",
E43,"Otuu, O. O.; Sahoo, D. (2025). How Should We Design Technology With Diverse Stakeholders Who Wish Not to Attend Design Activities Together?. CHI Conference on Human Factors in Computing Systems (CHI '25).",AQ7,"Benefícios, limitações ou desafios são relatados?",1,"Benefícios (redução de viés e tensão, empoderamento dos participantes, disposição de adoção da tecnologia), desafios e limitações amplamente relatados, incluindo dificuldades de recrutamento de autoridades e custo do processo iterativo.",Seções 5 e 5.1,
E43,"Otuu, O. O.; Sahoo, D. (2025). How Should We Design Technology With Diverse Stakeholders Who Wish Not to Attend Design Activities Together?. CHI Conference on Human Factors in Computing Systems (CHI '25).",AQ8,"As ameaças à validade, limitações ou condições de aplicabilidade são discutidas?",0.5,"Discute limitações e condições de aplicabilidade de forma substancial (viés de amostragem por recrutamento online, desequilíbrio de gênero, custo de iterações, influência de autoridade), mas sem seção formal de ameaças à validade estruturada nas dimensões de Wohlin; as ameaças aparecem dispersas como recomendações.",Seção 5.1 (Recommendations for CSD),
E45,"Schön, E.-M.; Thomaschewski, J.; Escalona, M. J. (2017). Identifying Agile Requirements Engineering Patterns in Industry. EuroPLoP '17 (22nd European Conference on Pattern Languages of Programs).",AQ1,O objetivo do estudo está claramente definido?,1,"Objetivo explícito: introduzir agile RE patterns como objetivo principal, descrevendo o processo de pattern mining baseado em pesquisa empírica em literatura e indústria.","Resumo; Seção 1 (Introduction, parágrafo final)",
E45,"Schön, E.-M.; Thomaschewski, J.; Escalona, M. J. (2017). Identifying Agile Requirements Engineering Patterns in Industry. EuroPLoP '17 (22nd European Conference on Pattern Languages of Programs).",AQ2,O contexto de desenvolvimento de software/digital está descrito?,1,"Contexto de desenvolvimento ágil (Scrum, XP, Kanban) descrito, com estudo de caso concreto em empresa de TI de médio porte na Alemanha, especializada em e-commerce, apps móveis e ferramentas SaaS, no relançamento de portal de notícias.","Seção 1; Seção 4.2 (case study, p. 8)",
E45,"Schön, E.-M.; Thomaschewski, J.; Escalona, M. J. (2017). Identifying Agile Requirements Engineering Patterns in Industry. EuroPLoP '17 (22nd European Conference on Pattern Languages of Programs).",AQ3,A abordagem de ER é explicitada?,1,"ER explicitada e central: Agile RE como área de foco, com problemas-chave de ER (Tabela 1), artefatos e técnicas de requisitos (user stories, epics, story maps, requirements management, NFR).",Seção 2; Seções 3.1 e 3.2; Tabela 1,
E45,"Schön, E.-M.; Thomaschewski, J.; Escalona, M. J. (2017). Identifying Agile Requirements Engineering Patterns in Industry. EuroPLoP '17 (22nd European Conference on Pattern Languages of Programs).",AQ4,A abordagem de design é explicitada?,1,"Abordagem de design explicitada: HCD (ISO 9241-210) como componente central da área cross-functional do agile RE, complementada por UCD, Design Thinking, Contextual Inquiry, Participatory Design e Co-design (padrão identificado).",Seção 1; Seção 2 (Fig. 1); Seção 3.1; Tabela 2,
E45,"Schön, E.-M.; Thomaschewski, J.; Escalona, M. J. (2017). Identifying Agile Requirements Engineering Patterns in Industry. EuroPLoP '17 (22nd European Conference on Pattern Languages of Programs).",AQ5,A forma de integração entre ER e design é descrita com detalhes suficientes?,1,"Integração ER-design detalhada: o agile RE é definido como interseção de HCD, ASD e RE (Fig. 1), e os padrões mapeiam problemas de ER a técnicas incluindo HCD/UX (ex.: pattern 'evaluation and testing' combina release evaluation com usability/UX testing em quadro Kanban).",Seção 2 (Fig. 1); Seção 4.2 (patterns evaluation and testing e story map),
E45,"Schön, E.-M.; Thomaschewski, J.; Escalona, M. J. (2017). Identifying Agile Requirements Engineering Patterns in Industry. EuroPLoP '17 (22nd European Conference on Pattern Languages of Programs).",AQ6,"Há evidências empíricas, relato de aplicação ou avaliação da abordagem?",1,"Evidência empírica multi-método: processo de pattern mining com SLR (27 estudos), estudo Delphi com 26 especialistas de 19 empresas em três rodadas, e aplicação do pattern 'evaluation and testing' em estudo de caso industrial de integração HCD-Kanban.","Seções 3.1, 3.2 e 3.3; Seção 4.2 (case study, p. 8)",
E45,"Schön, E.-M.; Thomaschewski, J.; Escalona, M. J. (2017). Identifying Agile Requirements Engineering Patterns in Industry. EuroPLoP '17 (22nd European Conference on Pattern Languages of Programs).",AQ7,"Benefícios, limitações ou desafios são relatados?",1,"Benefícios dos padrões (compartilhamento de conhecimento, apoio a praticantes e pesquisadores) e desafios/problemas do agile RE relatados (seis problemas-chave: dependências, gestão contínua de requisitos, refinamento com usuários, envolvimento iterativo de stakeholders).",Tabela 1; Seções 4.3 e 5,
E45,"Schön, E.-M.; Thomaschewski, J.; Escalona, M. J. (2017). Identifying Agile Requirements Engineering Patterns in Industry. EuroPLoP '17 (22nd European Conference on Pattern Languages of Programs).",AQ8,"As ameaças à validade, limitações ou condições de aplicabilidade são discutidas?",0.5,"Discute limitações do processo (mapeamento iterativo e ainda em andamento, necessidade de avaliação empírica adicional, aplicabilidade a abordagens sequenciais como trabalho futuro), mas não há seção formal de ameaças à validade estruturada (interna/externa/construto/conclusão).",Seção 5 (Conclusions and Future Work),
E46,"Murugesan, L. K.; Hoda, R.; Salcic, Z. (2017). Identifying Design Features using Combination of Requirements Elicitation Techniques. 2017 IEEE/ACM 1st International Workshop on Design and Innovation in Software Engineering (DISE).",AQ1,O objetivo do estudo está claramente definido?,1,Objetivo explícito no resumo e na introdução: explorar como a combinação de três técnicas de ER pode capturar os requisitos de usuários residenciais de energia e motivá-los a reduzir o consumo de eletricidade.,"Resumo; Seção I Introduction, p. 6",
E46,"Murugesan, L. K.; Hoda, R.; Salcic, Z. (2017). Identifying Design Features using Combination of Requirements Elicitation Techniques. 2017 IEEE/ACM 1st International Workshop on Design and Innovation in Software Engineering (DISE).",AQ2,O contexto de desenvolvimento de software/digital está descrito?,1,"Contexto de software descrito em detalhe: aplicação web de visualização de consumo elétrico residencial, com 8 cômodos, 29 eletrodomésticos, até 3 sensores por cômodo, banco de dados e website de visualização em tempo real.","Seção III System Under Development, p. 7",
E46,"Murugesan, L. K.; Hoda, R.; Salcic, Z. (2017). Identifying Design Features using Combination of Requirements Elicitation Techniques. 2017 IEEE/ACM 1st International Workshop on Design and Innovation in Software Engineering (DISE).",AQ3,A abordagem de ER é explicitada?,1,"ER é o tema central; a elicitação de requisitos é explicitada e operacionalizada por três técnicas (SLR, survey de crowdsourcing e atividade UCD), com resultados classificados em requisitos funcionais e não funcionais.","Seção IV Requirements Elicitation, p. 7-10",
E46,"Murugesan, L. K.; Hoda, R.; Salcic, Z. (2017). Identifying Design Features using Combination of Requirements Elicitation Techniques. 2017 IEEE/ACM 1st International Workshop on Design and Innovation in Software Engineering (DISE).",AQ4,A abordagem de design é explicitada?,1,"Abordagem de design explicitada: User-Centred Design (UCD) é nomeado e descrito com definição, motivação, método e participantes, conduzido como atividade de design thinking (DTA).","Seção IV.C UCD based Design Thinking Activity, p. 9-10",
E46,"Murugesan, L. K.; Hoda, R.; Salcic, Z. (2017). Identifying Design Features using Combination of Requirements Elicitation Techniques. 2017 IEEE/ACM 1st International Workshop on Design and Innovation in Software Engineering (DISE).",AQ5,A forma de integração entre ER e design é descrita com detalhes suficientes?,1,"Integração descrita com fluxo concreto e interdependente: features da SLR alimentam as perguntas do survey, respostas do survey geram os designs em papel usados na atividade UCD, e as saídas das três técnicas são combinadas e comparadas na Tabela IV; Fig. 1 ilustra o encadeamento.","Seção IV (Fig. 1), p. 7; Seção IV.D e Tabela IV, p. 10",
E46,"Murugesan, L. K.; Hoda, R.; Salcic, Z. (2017). Identifying Design Features using Combination of Requirements Elicitation Techniques. 2017 IEEE/ACM 1st International Workshop on Design and Innovation in Software Engineering (DISE).",AQ6,"Há evidências empíricas, relato de aplicação ou avaliação da abordagem?",1,"Aplicação empírica real: técnicas efetivamente aplicadas (SLR de 22 estudos, survey com 137 participantes, atividade de design com 6 participantes), com dados coletados, ranking de features reportado (Tabela IV) e retrospectiva sobre o processo.","Seção IV; Tabela IV, p. 10; Seção V Retrospective, p. 11",
E46,"Murugesan, L. K.; Hoda, R.; Salcic, Z. (2017). Identifying Design Features using Combination of Requirements Elicitation Techniques. 2017 IEEE/ACM 1st International Workshop on Design and Innovation in Software Engineering (DISE).",AQ7,"Benefícios, limitações ou desafios são relatados?",1,"Benefícios, limitações e desafios relatados explicitamente na retrospectiva estruturada em What went well, What didn't go well e What can be improved.","Seção V Retrospective (A, B, C), p. 11",
E46,"Murugesan, L. K.; Hoda, R.; Salcic, Z. (2017). Identifying Design Features using Combination of Requirements Elicitation Techniques. 2017 IEEE/ACM 1st International Workshop on Design and Innovation in Software Engineering (DISE).",AQ8,"As ameaças à validade, limitações ou condições de aplicabilidade são discutidas?",0.5,"Discute limitações de método/execução (taxa de resposta baixa com ~12,5% de surveys incompletos, número reduzido de participantes que restringiu conclusões, designs em papel que confundiram participantes), mas não apresenta estrutura formal de ameaças à validade (sem categorias tipo Wohlin nem seção dedicada); apenas uma das dimensões é tratada, portanto Parcial.","Seção V.B What didn't go well?, p. 11",
E47,"Alhazmi, A.; Huang, S. (2020). Integrating Design Thinking into Scrum Framework in the Context of Requirements Engineering Management. Proceedings of 2020 3rd International Conference on Computer Science and Software Engineering (CSSE'20).",AQ1,O objetivo do estudo está claramente definido?,1,Objetivo claro: propor um framework que integra o modelo Design Thinking ao Scrum no contexto da gestão de ER; RQ formalmente enunciada e objetivos listados explicitamente.,Abstract; Seção 1.1 (RQ) e Seção 3 (Objectives),
E47,"Alhazmi, A.; Huang, S. (2020). Integrating Design Thinking into Scrum Framework in the Context of Requirements Engineering Management. Proceedings of 2020 3rd International Conference on Computer Science and Software Engineering (CSSE'20).",AQ2,O contexto de desenvolvimento de software/digital está descrito?,1,"Contexto de desenvolvimento de software claramente estabelecido: desenvolvimento ágil com Scrum (Product Backlog, Sprints, papéis), enquadrando a ER dentro do processo de software.",Seção 1 Introduction; Seção 2.1 Scrum Practice Basics,
E47,"Alhazmi, A.; Huang, S. (2020). Integrating Design Thinking into Scrum Framework in the Context of Requirements Engineering Management. Proceedings of 2020 3rd International Conference on Computer Science and Software Engineering (CSSE'20).",AQ3,A abordagem de ER é explicitada?,1,"ER explicitada e detalhada por atividade: elicitação, análise, documentação, validação e gestão de requisitos, cada uma descrita e mapeada no framework.",Seção 5.1 (5.1.1 a 5.1.5) e Tabela 1,
E47,"Alhazmi, A.; Huang, S. (2020). Integrating Design Thinking into Scrum Framework in the Context of Requirements Engineering Management. Proceedings of 2020 3rd International Conference on Computer Science and Software Engineering (CSSE'20).",AQ4,A abordagem de design é explicitada?,1,"Abordagem de design explicitada: Design Thinking (origem, modelo de Stanford/IDEO/Plattner) com as cinco etapas Empathize, Define, Ideate, Prototype e Test descritas em detalhe.",Seção 2.2 Design Thinking; Seção 4.1 (Figura 2 e 4),
E47,"Alhazmi, A.; Huang, S. (2020). Integrating Design Thinking into Scrum Framework in the Context of Requirements Engineering Management. Proceedings of 2020 3rd International Conference on Computer Science and Software Engineering (CSSE'20).",AQ5,A forma de integração entre ER e design é descrita com detalhes suficientes?,1,"Integração é o núcleo do trabalho: cada etapa do Design Thinking é reformulada e mapeada às atividades de ER, com fluxo do framework integrado (Figuras 4 e 5) e correspondência etapa-atividade na Tabela 1.",Seção 4 (Method Explanation); Seção 5.1 e Tabela 1; Figuras 4 e 5,
E47,"Alhazmi, A.; Huang, S. (2020). Integrating Design Thinking into Scrum Framework in the Context of Requirements Engineering Management. Proceedings of 2020 3rd International Conference on Computer Science and Software Engineering (CSSE'20).",AQ6,"Há evidências empíricas, relato de aplicação ou avaliação da abordagem?",0,"Proposta puramente conceitual sem validação: não há estudo de caso, experimento nem aplicação real; a Seção 5 é argumentação analítica e a própria validação por caso real é explicitamente deixada como trabalho futuro.",Seção 5 Analysis and Discussion; Seção 6.2 Future Work,
E47,"Alhazmi, A.; Huang, S. (2020). Integrating Design Thinking into Scrum Framework in the Context of Requirements Engineering Management. Proceedings of 2020 3rd International Conference on Computer Science and Software Engineering (CSSE'20).",AQ7,"Benefícios, limitações ou desafios são relatados?",1,"Benefícios do framework relatados (elevar qualidade, produtividade, criatividade), desafios de ER do Scrum tratados um a um (Tabela 2) e limitações do framework discutidas.",Seção 5.1 e 5.2 (Tabela 2); Seção 5.3 e Seção 6.1,
E47,"Alhazmi, A.; Huang, S. (2020). Integrating Design Thinking into Scrum Framework in the Context of Requirements Engineering Management. Proceedings of 2020 3rd International Conference on Computer Science and Software Engineering (CSSE'20).",AQ8,"As ameaças à validade, limitações ou condições de aplicabilidade são discutidas?",0.5,"Discute limitações e condições de aplicabilidade da proposta (aplicação do framework, dependência da equipe e da disponibilidade/competência do representante dos stakeholders), mas por ser proposta sem validação empírica não há estrutura formal de ameaças à validade da evidência; apenas uma dimensão tratada, portanto Parcial.",Seção 5.3 Integrated Framework Limitations (5.3.1 a 5.3.3),
E48,"Anitha, P. C.; Prabhu, B. (2012). Integrating Requirements Engineering and User Experience Design in Product Life Cycle Management. UsARE 2012, Zurich, Switzerland.",AQ1,O objetivo do estudo está claramente definido?,1,Objetivo explícito: discutir mitos e concepções erradas sobre RE e UXD e apresentar um framework integrado de RE e UXD no processo de PLM; enunciado no resumo e na introdução com o roteiro das seções.,"Abstract; Seção I Introduction, p. 12",
E48,"Anitha, P. C.; Prabhu, B. (2012). Integrating Requirements Engineering and User Experience Design in Product Life Cycle Management. UsARE 2012, Zurich, Switzerland.",AQ2,O contexto de desenvolvimento de software/digital está descrito?,0.5,"Contexto é o de desenvolvimento de produto/PLM em nível genérico, com menção a modelos (waterfall, spiral, RUP, agile) e produtos que interagem com o usuário, mas o enquadramento em software/digital é implícito e não delimitado a um sistema/software concreto.","Abstract; Seção I; Seção IV.A RE and UXD Activities in PLM Process, p. 15",
E48,"Anitha, P. C.; Prabhu, B. (2012). Integrating Requirements Engineering and User Experience Design in Product Life Cycle Management. UsARE 2012, Zurich, Switzerland.",AQ3,A abordagem de ER é explicitada?,1,"ER explicitada e detalhada por atividades: elicitação, análise (Kano, análise de risco/perigo), validação (IEEE 830) e gestão de requisitos (CCB, rastreabilidade), além dos artefatos RD/RM, SyRS e ERS.","Seção II.A RE in Product Development, p. 13; Seção IV.B, p. 16",
E48,"Anitha, P. C.; Prabhu, B. (2012). Integrating Requirements Engineering and User Experience Design in Product Life Cycle Management. UsARE 2012, Zurich, Switzerland.",AQ4,A abordagem de design é explicitada?,1,"Abordagem de design explicitada: User Experience Design (UXD) ancorada em user-centered design (Norman), com métodos como personas, profiles, shadowing, entrevistas etnográficas, participatory design e prototipação, além dos três níveis de processamento cognitivo.","Seção II.B UXD in Product Development, p. 13; Myth #4, p. 14",
E48,"Anitha, P. C.; Prabhu, B. (2012). Integrating Requirements Engineering and User Experience Design in Product Life Cycle Management. UsARE 2012, Zurich, Switzerland.",AQ5,A forma de integração entre ER e design é descrita com detalhes suficientes?,1,"Integração descrita com detalhes: framework colaborativo RE-UXD ao longo das fases do PLM (conceive, design, realize, deploy, support), com pontos de sincronização, fluxo de artefatos (V&S, MRS/CRS, SyRS, ERS, URS) e rastreabilidade nas Figuras 1 e 2.","Seção IV.A e IV.B (Figuras 1 e 2), p. 15-16",
E48,"Anitha, P. C.; Prabhu, B. (2012). Integrating Requirements Engineering and User Experience Design in Product Life Cycle Management. UsARE 2012, Zurich, Switzerland.",AQ6,"Há evidências empíricas, relato de aplicação ou avaliação da abordagem?",0,"Proposta conceitual sem validação empírica do framework: não há estudo de caso nem experimento aplicando a integração proposta; os dados monetários citados (Mayhew & Bias, AT&T) são de fontes terceiras para justificar UXD, não avaliação da abordagem, e a validação por casos reais é remetida a trabalho futuro.","Seção IV; Seção V Conclusion and Future Work, p. 17",
E48,"Anitha, P. C.; Prabhu, B. (2012). Integrating Requirements Engineering and User Experience Design in Product Life Cycle Management. UsARE 2012, Zurich, Switzerland.",AQ7,"Benefícios, limitações ou desafios são relatados?",1,"Benefícios da integração RE-UXD relatados (redução de retrabalho, alinhamento com usuário, sustentação do produto) e desafios/barreiras discutidos via os cinco mitos e os dois desafios finais de integração.","Seção III Myths and Misconceptions, p. 13-15; Seção V, p. 17",
E48,"Anitha, P. C.; Prabhu, B. (2012). Integrating Requirements Engineering and User Experience Design in Product Life Cycle Management. UsARE 2012, Zurich, Switzerland.",AQ8,"As ameaças à validade, limitações ou condições de aplicabilidade são discutidas?",0.5,"Discute condições/desafios de aplicabilidade da proposta (comunicação de requisitos de usuário em formato incorporável e tradução em requisitos de design implementáveis), mas não há estrutura formal de ameaças à validade nem validação empírica; apenas uma dimensão tratada, portanto Parcial.","Seção V Conclusion and Future Work (dois desafios), p. 17",
E51,"Cunningham, M.; Cunningham, P. M.; van Greunen, D.; Kanjo, C.; Kweyu, E.; Tilahun, B. (2018). mHealth4Afrika Beta v1 Validation in Rural and Deep Rural Clinics in Ethiopia, Kenya, Malawi and South Africa. Proceedings of IEEE.",AQ1,O objetivo do estudo está claramente definido?,1,Objetivo explícito: compartilhar o processo de co-design aplicado para desenvolver e validar a plataforma Beta v1 e as implicações para as iterações seguintes; reforçado pelos objetivos gerais do projeto.,"Abstract; Seção I.B e lista de overall objectives, p. 1-2",
E51,"Cunningham, M.; Cunningham, P. M.; van Greunen, D.; Kanjo, C.; Kweyu, E.; Tilahun, B. (2018). mHealth4Afrika Beta v1 Validation in Rural and Deep Rural Clinics in Ethiopia, Kenya, Malawi and South Africa. Proceedings of IEEE.",AQ2,O contexto de desenvolvimento de software/digital está descrito?,1,"Contexto de software/digital descrito em detalhe: plataforma mHealth open source multilíngue integrando EMR/EHR, sensores médicos, aplicação Android com API/OAuth2/FHIR e visualizações, implantada em clínicas de saúde.","Seção III.A Beta v1 Functionality; Seção III.B Sensor reading application, p. 4-5",
E51,"Cunningham, M.; Cunningham, P. M.; van Greunen, D.; Kanjo, C.; Kweyu, E.; Tilahun, B. (2018). mHealth4Afrika Beta v1 Validation in Rural and Deep Rural Clinics in Ethiopia, Kenya, Malawi and South Africa. Proceedings of IEEE.",AQ3,A abordagem de ER é explicitada?,1,"ER explicitada: needs assessment e baseline study, levantamento de requisitos de usuário final, definição de casos de uso ANC1-ANC4, especificação de data sets e priorização de funcionalidades para iterações via design science research.","Seção I.B; Seção II Methodology; Seção III.A (use cases), p. 2-5",
E51,"Cunningham, M.; Cunningham, P. M.; van Greunen, D.; Kanjo, C.; Kweyu, E.; Tilahun, B. (2018). mHealth4Afrika Beta v1 Validation in Rural and Deep Rural Clinics in Ethiopia, Kenya, Malawi and South Africa. Proceedings of IEEE.",AQ4,A abordagem de design é explicitada?,1,"Abordagem de design explicitada: user-centered design colaborativo e open innovation, co-design com stakeholders (Ministérios da Saúde, gestores, profissionais de saúde), combinado a design science research e desenvolvimento ágil iterativo.","Seção I.B; Seção II Methodology; Seção III.D Implications for the Co-design, p. 2-6",
E51,"Cunningham, M.; Cunningham, P. M.; van Greunen, D.; Kanjo, C.; Kweyu, E.; Tilahun, B. (2018). mHealth4Afrika Beta v1 Validation in Rural and Deep Rural Clinics in Ethiopia, Kenya, Malawi and South Africa. Proceedings of IEEE.",AQ5,A forma de integração entre ER e design é descrita com detalhes suficientes?,1,"Integração descrita com detalhes: ciclo iterativo em que outputs da coleta qualitativa e das validações (alpha, pre-beta, beta v1) alimentam a especificação e o co-design da iteração seguinte, com feedback priorizado por país e consolidado entre os quatro países.","Seção II Methodology; Seção III.C e III.D, p. 3-6",
E51,"Cunningham, M.; Cunningham, P. M.; van Greunen, D.; Kanjo, C.; Kweyu, E.; Tilahun, B. (2018). mHealth4Afrika Beta v1 Validation in Rural and Deep Rural Clinics in Ethiopia, Kenya, Malawi and South Africa. Proceedings of IEEE.",AQ6,"Há evidências empíricas, relato de aplicação ou avaliação da abordagem?",1,"Evidência empírica robusta: validação de campo da Beta v1 com 36 participantes de 11 clínicas em quatro países, usando observação etnográfica e entrevistas semiestruturadas, com protocolo, amostragem por intensidade, consentimento ético, transcrições e análise (Creswell's Data Analysis Spiral).","Seção II Methodology; Seção III.C Beta platform v1 Validation, p. 3-6",
E51,"Cunningham, M.; Cunningham, P. M.; van Greunen, D.; Kanjo, C.; Kweyu, E.; Tilahun, B. (2018). mHealth4Afrika Beta v1 Validation in Rural and Deep Rural Clinics in Ethiopia, Kenya, Malawi and South Africa. Proceedings of IEEE.",AQ7,"Benefícios, limitações ou desafios são relatados?",1,"Benefícios relatados (feedback positivo de usabilidade, checklist, sensores no ponto de atendimento) e desafios/limitações operacionais discutidos (baixa literacia digital, ausência de internet estável, atrasos por greve/eleições, campos obrigatórios como data de nascimento).","Seção III.C e III.D; Seção III.E Limitations of the Findings, p. 5-7",
E51,"Cunningham, M.; Cunningham, P. M.; van Greunen, D.; Kanjo, C.; Kweyu, E.; Tilahun, B. (2018). mHealth4Afrika Beta v1 Validation in Rural and Deep Rural Clinics in Ethiopia, Kenya, Malawi and South Africa. Proceedings of IEEE.",AQ8,"As ameaças à validade, limitações ou condições de aplicabilidade são discutidas?",0.5,"Há seção dedicada a limitações dos achados discutindo representatividade/generalização (amostra restrita a profissionais em clínicas de quatro países, não representativa da situação local nem de todos os Estados-membros africanos), o que aborda validade externa; porém não há estrutura formal de ameaças à validade cobrindo as demais dimensões (interna, construto, conclusão), portanto Parcial.","Seção III.E Limitations of the Findings, p. 7",
E53,"De, S. (2021). Minimal Satisfiable Product: A Novel Concept in Agile Project Management for better adherence to Customer Requirements. 2021 International Conference on Smart Generation Computing, Communication and Networking (SMART GENCON).",AQ1,O objetivo do estudo está claramente definido?,1,"Objetivo explícito: usar princípios de Usabilidade, metodologias ágeis e Design Thinking para que organizações realizem as funcionalidades mínimas sob a perspectiva do cliente, propondo e nomeando o conceito de Minimal Satisfiable Product (MSP).","Abstract; Seção I Introduction, p. 1",
E53,"De, S. (2021). Minimal Satisfiable Product: A Novel Concept in Agile Project Management for better adherence to Customer Requirements. 2021 International Conference on Smart Generation Computing, Communication and Networking (SMART GENCON).",AQ2,O contexto de desenvolvimento de software/digital está descrito?,1,"Contexto de software/digital descrito: digitalização de tarefas via produtos de software e soluções ERP, aplicações em nuvem com estratégia pay-as-you-use, MVP/MMP e cenários de startups e grandes organizações desenvolvendo produtos de software.","Abstract; Seção IV Proposed Concept; Seção V Advantages and Discussions, p. 1, 4-5",
E53,"De, S. (2021). Minimal Satisfiable Product: A Novel Concept in Agile Project Management for better adherence to Customer Requirements. 2021 International Conference on Smart Generation Computing, Communication and Networking (SMART GENCON).",AQ3,A abordagem de ER é explicitada?,0.5,"ER tratada de forma implícita e superficial: discute entendimento das necessidades reais do cliente, requisitos não funcionais e priorização mínima via iterações Scrum, mas não explicita atividades/processos de Engenharia de Requisitos de modo estruturado (elicitação, análise, especificação, validação).","Seção I Introduction; Seção III.E Non-Functional Requirements; Seção IV, p. 1, 4",
E53,"De, S. (2021). Minimal Satisfiable Product: A Novel Concept in Agile Project Management for better adherence to Customer Requirements. 2021 International Conference on Smart Generation Computing, Communication and Networking (SMART GENCON).",AQ4,A abordagem de design é explicitada?,1,"Abordagem de design explicitada: Design Thinking com as cinco etapas (Empathize, Define, Ideate, Prototype, Test) descritas e ilustrada (Fig. 1), combinada a Usability Engineering e aos 5Es, com empatia pelo end-user como perspectiva central.","Seção I (Fig. 1); Seção III.C Usability Engineering; Seção IV.A, p. 1, 3-4",
E53,"De, S. (2021). Minimal Satisfiable Product: A Novel Concept in Agile Project Management for better adherence to Customer Requirements. 2021 International Conference on Smart Generation Computing, Communication and Networking (SMART GENCON).",AQ5,A forma de integração entre ER e design é descrita com detalhes suficientes?,0.5,"A integração é descrita em nível conceitual: Design Thinking + Usability Engineering + Scrum combinados para chegar a requisitos mínimos satisfatórios (MSP), com Cynefin para mover requisitos de caóticos a claros; porém o mecanismo concreto de articulação com atividades de ER permanece genérico e sem detalhamento operacional.","Seção III.A Cynefin's Framework; Seção IV Proposed Concept (Fig. 5), p. 3-4",
E53,"De, S. (2021). Minimal Satisfiable Product: A Novel Concept in Agile Project Management for better adherence to Customer Requirements. 2021 International Conference on Smart Generation Computing, Communication and Networking (SMART GENCON).",AQ6,"Há evidências empíricas, relato de aplicação ou avaliação da abordagem?",0,"Proposta puramente conceitual sem validação empírica: não há estudo de caso, experimento nem aplicação real do MSP; os cenários (startups, grandes organizações) são ilustrativos e o próprio texto remete o teste do conceito com a fórmula de adoção a trabalho futuro.","Seção V Advantages and Discussions; Seção VII Future Scope, p. 5-6",
E53,"De, S. (2021). Minimal Satisfiable Product: A Novel Concept in Agile Project Management for better adherence to Customer Requirements. 2021 International Conference on Smart Generation Computing, Communication and Networking (SMART GENCON).",AQ7,"Benefícios, limitações ou desafios são relatados?",1,"Benefícios do MSP relatados de forma explícita (visão holística ao cliente, maior taxa de adoção via fórmula PRA, feedback antecipado, menor esforço de manutenção) e desafios de entender necessidades reais e requisitos caóticos discutidos.","Seção V Advantages and Discussions (lista de benefícios); Seção VI Conclusion, p. 5",
E53,"De, S. (2021). Minimal Satisfiable Product: A Novel Concept in Agile Project Management for better adherence to Customer Requirements. 2021 International Conference on Smart Generation Computing, Communication and Networking (SMART GENCON).",AQ8,"As ameaças à validade, limitações ou condições de aplicabilidade são discutidas?",0.5,"Discute condições de aplicabilidade da proposta (o conceito não impõe regra fixa e varia de cliente para cliente; requisitos não funcionais convertidos podem ser mínimos) e reconhece que o conceito ainda precisa ser testado, mas não há estrutura formal de ameaças à validade nem validação empírica; apenas uma dimensão tratada, portanto Parcial.","Seção VI Conclusion; Seção VII Future Scope, p. 5-6",
E54,"Levy, M.; Spitzer, S.; Pauzner, M. (2022). Multifaceted Requirements Engineering: Developing A MESH (Municipal-Environmental-Social-Health) Platform. 2022 IEEE 30th International Requirements Engineering Conference Workshops (REW).",AQ1,O objetivo do estudo está claramente definido?,1,"Objetivo explícito: desenvolver metodologias e ferramentas para um processo de RE transdisciplinar (multifaceted RE) no desenvolvimento da plataforma MESH voltada à prevenção de diabetes tipo 2, apresentando o processo de RE ocorrido no curso e diretrizes gerais.","Abstract; Seção I Introduction; Seção II Research Statement, p. 24-25",
E54,"Levy, M.; Spitzer, S.; Pauzner, M. (2022). Multifaceted Requirements Engineering: Developing A MESH (Municipal-Environmental-Social-Health) Platform. 2022 IEEE 30th International Requirements Engineering Conference Workshops (REW).",AQ2,O contexto de desenvolvimento de software/digital está descrito?,0.5,"O contexto digital/plataforma MESH é declarado e há artefatos digitais (e-service para a Israel Diabetes Association, protótipos em app, Figuras 5-7), mas nesta primeira fase o foco é conceitual/protótipos de curso; o desenvolvimento de software concreto é remetido a fases futuras (summer lab, MVP), permanecendo parcialmente descrito.","Seção II (workplan e fases); Seção IV; Seção V, p. 24-28",
E54,"Levy, M.; Spitzer, S.; Pauzner, M. (2022). Multifaceted Requirements Engineering: Developing A MESH (Municipal-Environmental-Social-Health) Platform. 2022 IEEE 30th International Requirements Engineering Conference Workshops (REW).",AQ3,A abordagem de ER é explicitada?,1,"ER é o eixo central e explicitado como processo human-centric multifacetado com stakeholders heterogêneos; definição de problema, levantamento de necessidades via entrevistas, mapeamento de stakeholders e formulação de desafios (How can we help...), com menção a goal modeling como RE futura.","Seção I; Seção IV Multifaceted RE in MESH Development; Seção V, p. 24-28",
E54,"Levy, M.; Spitzer, S.; Pauzner, M. (2022). Multifaceted Requirements Engineering: Developing A MESH (Municipal-Environmental-Social-Health) Platform. 2022 IEEE 30th International Requirements Engineering Conference Workshops (REW).",AQ4,A abordagem de design é explicitada?,1,"Abordagem de design explicitada e detalhada: Design Thinking (mindset, processo, toolbox) e Service Design, operacionalizados pelo framework Double Diamond (Discover, Define, Develop, Deliver) com ferramentas como personas, empathy maps, customer journeys e exercícios de ideação.","Seção II; Seção III Educational Setting (Fig. 1); Seção IV, p. 25-27",
E54,"Levy, M.; Spitzer, S.; Pauzner, M. (2022). Multifaceted Requirements Engineering: Developing A MESH (Municipal-Environmental-Social-Health) Platform. 2022 IEEE 30th International Requirements Engineering Conference Workshops (REW).",AQ5,A forma de integração entre ER e design é descrita com detalhes suficientes?,1,"Integração descrita com detalhes: o processo de RE multifacetado é conduzido através das etapas do Double Diamond e ferramentas de DT/SD, mostrando concretamente como a elicitação e definição de requisitos se dá via mapeamento de stakeholders, personas, jornadas e ideação até a formulação do desafio e dos conceitos.","Seção IV Multifaceted RE in MESH Development, p. 26-28",
E54,"Levy, M.; Spitzer, S.; Pauzner, M. (2022). Multifaceted Requirements Engineering: Developing A MESH (Municipal-Environmental-Social-Health) Platform. 2022 IEEE 30th International Requirements Engineering Conference Workshops (REW).",AQ6,"Há evidências empíricas, relato de aplicação ou avaliação da abordagem?",0.5,"Há relato de aplicação real em curso (curso transdisciplinar em execução, quatro equipes trabalhando desafios do SPHERE em Shfar'am, entrevistas com pacientes/clínicos, protótipos conceituais e feedback dos stakeholders na visita), porém sem avaliação empírica sistemática de eficácia; validação e teste do protótipo/MVP são explicitamente trabalho futuro, portanto Parcial.","Seção IV (aplicação e feedbacks); Seção V (follow-up study), p. 26-28",
E54,"Levy, M.; Spitzer, S.; Pauzner, M. (2022). Multifaceted Requirements Engineering: Developing A MESH (Municipal-Environmental-Social-Health) Platform. 2022 IEEE 30th International Requirements Engineering Conference Workshops (REW).",AQ7,"Benefícios, limitações ou desafios são relatados?",1,"Benefícios relatados (feedback positivo dos stakeholders, engajamento dos alunos na ideação, oportunidades de intervenção comunitária) e desafios explicitados (natureza wicked do problema, barreiras culturais/religiosas em Shfar'am, área subexplorada de plataformas de saúde e sustentabilidade).","Seção I; Seção IV; Seção V Discussion and Conclusion, p. 24-28",
E54,"Levy, M.; Spitzer, S.; Pauzner, M. (2022). Multifaceted Requirements Engineering: Developing A MESH (Municipal-Environmental-Social-Health) Platform. 2022 IEEE 30th International Requirements Engineering Conference Workshops (REW).",AQ8,"As ameaças à validade, limitações ou condições de aplicabilidade são discutidas?",0,"Não há discussão de ameaças à validade nem de limitações do estudo; por ser vision paper em fase inicial, o texto aponta apenas direções futuras (goal modeling, MVPs, componentes IoT) sem tratar validade interna/externa/construto/conclusão nem condições de aplicabilidade dos achados.","Seção V Discussion and Conclusion, p. 28",
E57,"Meireles, M. A. C.; Conte, T.; Souza, A. F. B.; Maldonado, J. (2021). Organizing the Design Thinking Toolbox: Supporting the Requirements Elicitation Decision Making. SBES '21.",AQ1,O objetivo do estudo está claramente definido?,1,"O objetivo é explicitado na introdução, visando auxiliar engenheiros de software na seleção de técnicas de Design Thinking.","1 INTRODUÇÃO, p. 2",
E57,"Meireles, M. A. C.; Conte, T.; Souza, A. F. B.; Maldonado, J. (2021). Organizing the Design Thinking Toolbox: Supporting the Requirements Elicitation Decision Making. SBES '21.",AQ2,O contexto de desenvolvimento de software/digital está descrito?,0.5,"O contexto de desenvolvimento de software é a base do estudo e o cenário de avaliação foca no desenvolvimento de uma aplicação, mas os detalhes sobre a natureza desse sistema são superficiais e dependem de um link externo.","6 ESTUDO DE VIABILIDADE, p. 4",
E57,"Meireles, M. A. C.; Conte, T.; Souza, A. F. B.; Maldonado, J. (2021). Organizing the Design Thinking Toolbox: Supporting the Requirements Elicitation Decision Making. SBES '21.",AQ3,A abordagem de ER é explicitada?,1,O estudo foca explicitamente na atividade de elicitação de requisitos dentro do processo de Engenharia de Requisitos.,"1 INTRODUÇÃO e 2 DESIGN THINKING: FUNDAMENTAÇÃO TEÓRICA, p. 1-2",
E57,"Meireles, M. A. C.; Conte, T.; Souza, A. F. B.; Maldonado, J. (2021). Organizing the Design Thinking Toolbox: Supporting the Requirements Elicitation Decision Making. SBES '21.",AQ4,A abordagem de design é explicitada?,1,"A abordagem de Design Thinking é detalhada sob a perspectiva de 'caixa de ferramentas' (toolbox), com a categorização de 27 técnicas propostas.","2 DESIGN THINKING: FUNDAMENTAÇÃO TEÓRICA e 4 CATEGORIZAÇÃO DAS TÉCNICAS DE DESIGN THINKING, p. 2-3",
E57,"Meireles, M. A. C.; Conte, T.; Souza, A. F. B.; Maldonado, J. (2021). Organizing the Design Thinking Toolbox: Supporting the Requirements Elicitation Decision Making. SBES '21.",AQ5,A forma de integração entre ER e design é descrita com detalhes suficientes?,1,"A integração é demonstrada através do mapeamento entre os objetivos da Engenharia de Requisitos e as categorias de técnicas de Design Thinking, utilizando diagramas SADT.","4 CATEGORIZAÇÃO DAS TÉCNICAS DE DESIGN THINKING e Tabela 1, p. 3-5",
E57,"Meireles, M. A. C.; Conte, T.; Souza, A. F. B.; Maldonado, J. (2021). Organizing the Design Thinking Toolbox: Supporting the Requirements Elicitation Decision Making. SBES '21.",AQ6,"Há evidências empíricas, relato de aplicação ou avaliação da abordagem?",1,O artigo relata um estudo de viabilidade conduzido com 4 profissionais de um Instituto de Ciência e Tecnologia para avaliar as tabelas comparativas propostas.,"6 ESTUDO DE VIABILIDADE, p. 4",
E57,"Meireles, M. A. C.; Conte, T.; Souza, A. F. B.; Maldonado, J. (2021). Organizing the Design Thinking Toolbox: Supporting the Requirements Elicitation Decision Making. SBES '21.",AQ7,"Benefícios, limitações ou desafios são relatados?",1,Os benefícios da proposta e as limitações/desafios apontados pelos participantes do estudo (ex: falta de exemplos visuais na tabela) são amplamente discutidos.,"6.3 Percepção dos participantes sobre utilização futura... e 6.4 Sugestões de melhorias, p. 5-6",
E57,"Meireles, M. A. C.; Conte, T.; Souza, A. F. B.; Maldonado, J. (2021). Organizing the Design Thinking Toolbox: Supporting the Requirements Elicitation Decision Making. SBES '21.",AQ8,"As ameaças à validade, limitações ou condições de aplicabilidade são discutidas?",1,O estudo possui uma discussão específica e detalhada dedicada a listar as ameaças à validade e as limitações do estudo de viabilidade empírico.,"7 CONSIDERAÇÕES FINAIS, p. 6",
E58,"Mulvenna, M.; Zheng, H.; Bond, R.; McAllister, P.; Wang, H.; Riestra, R. (2017). Participatory Design-based Requirements Elicitation Involving People Living with Dementia Towards a Home-based Platform to Monitor Emotional Wellbeing. 2017 IEEE International Conference on Bioinformatics and Biomedicine (BIBM).",AQ1,O objetivo do estudo está claramente definido?,1,Objetivo explícito: elicitar histórias reais e requisitos de pessoas vivendo com demência via abordagem de participatory design em dois focus groups para informar a plataforma SenseCare.,"Abstract; Seção I Introduction (final), p. 2026",
E58,"Mulvenna, M.; Zheng, H.; Bond, R.; McAllister, P.; Wang, H.; Riestra, R. (2017). Participatory Design-based Requirements Elicitation Involving People Living with Dementia Towards a Home-based Platform to Monitor Emotional Wellbeing. 2017 IEEE International Conference on Bioinformatics and Biomedicine (BIBM).",AQ2,O contexto de desenvolvimento de software/digital está descrito?,1,"Contexto digital descrito: plataforma SenseCare de affective computing com sensores (infravermelho passivo, wearables, câmeras), módulo de extração de features e machine learning para inferir emoções e dashboard de visualização para cuidadores.","Abstract; Seção I Introduction, p. 2026",
E58,"Mulvenna, M.; Zheng, H.; Bond, R.; McAllister, P.; Wang, H.; Riestra, R. (2017). Participatory Design-based Requirements Elicitation Involving People Living with Dementia Towards a Home-based Platform to Monitor Emotional Wellbeing. 2017 IEEE International Conference on Bioinformatics and Biomedicine (BIBM).",AQ3,A abordagem de ER é explicitada?,1,"ER explicitada: elicitação de requisitos via storytelling e interação social nos focus groups, gerando user stories, casos de uso (Fig. 1 e Tabela I) e temas que informam requisitos da plataforma.","Seção II Methods; Seção III Results (Fig. 1, Tabela I), p. 2027-2028",
E58,"Mulvenna, M.; Zheng, H.; Bond, R.; McAllister, P.; Wang, H.; Riestra, R. (2017). Participatory Design-based Requirements Elicitation Involving People Living with Dementia Towards a Home-based Platform to Monitor Emotional Wellbeing. 2017 IEEE International Conference on Bioinformatics and Biomedicine (BIBM).",AQ4,A abordagem de design é explicitada?,1,"Abordagem de design explicitada: Participatory Design com abordagem 'dyad' (cuidador + pessoa com demência participam juntos), justificada pelos desafios específicos da população e detalhada no método.","Abstract; Seção II Methods, p. 2026-2027",
E58,"Mulvenna, M.; Zheng, H.; Bond, R.; McAllister, P.; Wang, H.; Riestra, R. (2017). Participatory Design-based Requirements Elicitation Involving People Living with Dementia Towards a Home-based Platform to Monitor Emotional Wellbeing. 2017 IEEE International Conference on Bioinformatics and Biomedicine (BIBM).",AQ5,A forma de integração entre ER e design é descrita com detalhes suficientes?,1,"Integração descrita: o participatory design (dyad/focus groups) é o próprio mecanismo de elicitação de requisitos, com o caminho das histórias para análise temática, casos de uso e requisitos da SenseCare explicitado.","Seção II Methods; Seção III Results (uso de temas e casos de uso), p. 2027-2028",
E58,"Mulvenna, M.; Zheng, H.; Bond, R.; McAllister, P.; Wang, H.; Riestra, R. (2017). Participatory Design-based Requirements Elicitation Involving People Living with Dementia Towards a Home-based Platform to Monitor Emotional Wellbeing. 2017 IEEE International Conference on Bioinformatics and Biomedicine (BIBM).",AQ6,"Há evidências empíricas, relato de aplicação ou avaliação da abordagem?",1,"Evidência empírica de campo: dois focus groups reais (10 e 12 participantes em dyads), com aprovação ética, transcrições, análise temática resultando em cinco temas e citações reais dos participantes (Tabelas II-VI).","Seção II Methods; Seção III Results (Tabelas II-VI), p. 2027-2029",
E58,"Mulvenna, M.; Zheng, H.; Bond, R.; McAllister, P.; Wang, H.; Riestra, R. (2017). Participatory Design-based Requirements Elicitation Involving People Living with Dementia Towards a Home-based Platform to Monitor Emotional Wellbeing. 2017 IEEE International Conference on Bioinformatics and Biomedicine (BIBM).",AQ7,"Benefícios, limitações ou desafios são relatados?",1,"Desafios relatados de forma explícita: dificuldade de conduzir participatory design com pessoas com demência (perda de memória de curto prazo, baixa literacia tecnológica) e benefícios da abordagem dyad para representar necessidades e garantir consentimento transparente.","Abstract; Seção II Methods, p. 2026-2027",
E58,"Mulvenna, M.; Zheng, H.; Bond, R.; McAllister, P.; Wang, H.; Riestra, R. (2017). Participatory Design-based Requirements Elicitation Involving People Living with Dementia Towards a Home-based Platform to Monitor Emotional Wellbeing. 2017 IEEE International Conference on Bioinformatics and Biomedicine (BIBM).",AQ8,"As ameaças à validade, limitações ou condições de aplicabilidade são discutidas?",0,"Não há discussão de ameaças à validade nem seção de limitações do estudo empírico: apenas os desafios metodológicos de conduzir PD com a população são mencionados, sem tratar validade interna/externa/construto/conclusão, tamanho/representatividade da amostra ou vieses da análise temática.","Seção IV Conclusion, p. 2029",
E59,"Romero-Untiveros, L.; Paredes-Guerrero, K.; Lara-Herrera, J.; Ullon-Ramírez, A.; Chiroque-Zanabria, E. (2025). Project-Based Learning with Real-World Projects for Requirements Engineering Education: A Case Study at a University in Lima, Peru. 2025 International Symposium on Accreditation of Engineering and Computing Education (ICACIT).",AQ1,O objetivo do estudo está claramente definido?,1,"Objetivo explícito: apresentar a metodologia, descrever a implementação da abordagem PBL no curso de Engenharia de Requisitos, analisar as competências desenvolvidas e comparar com estudos anteriores.",Abstract; Seção I Introduction (final),
E59,"Romero-Untiveros, L.; Paredes-Guerrero, K.; Lara-Herrera, J.; Ullon-Ramírez, A.; Chiroque-Zanabria, E. (2025). Project-Based Learning with Real-World Projects for Requirements Engineering Education: A Case Study at a University in Lima, Peru. 2025 International Symposium on Accreditation of Engineering and Computing Education (ICACIT).",AQ2,O contexto de desenvolvimento de software/digital está descrito?,1,"Contexto de desenvolvimento de software descrito: alunos desenvolvem protótipos funcionais de soluções de software (sistemas de reserva, apps de acompanhamento acadêmico, plataformas de tutoria) com ferramentas como Balsamiq e Figma, dentro do ciclo de desenvolvimento de software.",Seção III.A; Seção IV (Description of the Proposal); Tabela II,
E59,"Romero-Untiveros, L.; Paredes-Guerrero, K.; Lara-Herrera, J.; Ullon-Ramírez, A.; Chiroque-Zanabria, E. (2025). Project-Based Learning with Real-World Projects for Requirements Engineering Education: A Case Study at a University in Lima, Peru. 2025 International Symposium on Accreditation of Engineering and Computing Education (ICACIT).",AQ3,A abordagem de ER é explicitada?,1,"ER explicitada e detalhada por atividades: elicitação via entrevistas semiestruturadas, análise de requisitos, especificação formal segundo IEEE 830, casos de uso, user stories e requisitos funcionais/não funcionais dentro das fases do projeto.",Seção III.A (fases 2-3); Seção IV; Tabela I,
E59,"Romero-Untiveros, L.; Paredes-Guerrero, K.; Lara-Herrera, J.; Ullon-Ramírez, A.; Chiroque-Zanabria, E. (2025). Project-Based Learning with Real-World Projects for Requirements Engineering Education: A Case Study at a University in Lima, Peru. 2025 International Symposium on Accreditation of Engineering and Computing Education (ICACIT).",AQ4,A abordagem de design é explicitada?,1,"Abordagem de design explicitada: user-centered design como princípio norteador, com prototipação iterativa de baixa e alta fidelidade (Balsamiq/Figma) revisada em sessões de feedback com usuários reais para verificar usabilidade e relevância.",Abstract; Seção III.A (fase 4 Prototype design); Seção IV,
E59,"Romero-Untiveros, L.; Paredes-Guerrero, K.; Lara-Herrera, J.; Ullon-Ramírez, A.; Chiroque-Zanabria, E. (2025). Project-Based Learning with Real-World Projects for Requirements Engineering Education: A Case Study at a University in Lima, Peru. 2025 International Symposium on Accreditation of Engineering and Computing Education (ICACIT).",AQ5,A forma de integração entre ER e design é descrita com detalhes suficientes?,1,"Integração descrita com detalhes: processo iterativo em cinco fases que encadeia identificação/validação do problema, elicitação e análise de requisitos (IEEE 830), design de protótipos com feedback de usuários e documentação, mostrando como o design centrado no usuário se articula às atividades de ER.",Seção III.A (cinco fases e Tabela I); Seção IV,
E59,"Romero-Untiveros, L.; Paredes-Guerrero, K.; Lara-Herrera, J.; Ullon-Ramírez, A.; Chiroque-Zanabria, E. (2025). Project-Based Learning with Real-World Projects for Requirements Engineering Education: A Case Study at a University in Lima, Peru. 2025 International Symposium on Accreditation of Engineering and Computing Education (ICACIT).",AQ6,"Há evidências empíricas, relato de aplicação ou avaliação da abordagem?",1,"Evidência empírica de estudo de caso real: intervenção aplicada com 55 alunos em dois semestres (2024-I e 2024-II), com observação participante, análise de entregáveis, rubricas institucionais e entrevistas semiestruturadas com 12 alunos, gerando resultados de competências e percepções.","Seção III.B-C (Participants, Data Collection); Seção V Results and Discussion",
E59,"Romero-Untiveros, L.; Paredes-Guerrero, K.; Lara-Herrera, J.; Ullon-Ramírez, A.; Chiroque-Zanabria, E. (2025). Project-Based Learning with Real-World Projects for Requirements Engineering Education: A Case Study at a University in Lima, Peru. 2025 International Symposium on Accreditation of Engineering and Computing Education (ICACIT).",AQ7,"Benefícios, limitações ou desafios são relatados?",1,"Benefícios relatados (melhora em competências técnicas, empatia e comunicação, maior autonomia) e desafios explicitados (dificuldade de gerir entregáveis sem equipe, disponibilidade de stakeholders e validação de protótipos), com as mitigações adotadas.",Seção V Results and Discussion (Challenges encountered); Seção VI,
E59,"Romero-Untiveros, L.; Paredes-Guerrero, K.; Lara-Herrera, J.; Ullon-Ramírez, A.; Chiroque-Zanabria, E. (2025). Project-Based Learning with Real-World Projects for Requirements Engineering Education: A Case Study at a University in Lima, Peru. 2025 International Symposium on Accreditation of Engineering and Computing Education (ICACIT).",AQ8,"As ameaças à validade, limitações ou condições de aplicabilidade são discutidas?",0.5,"Discute desafios de execução e condições de aplicabilidade (formato individual, disponibilidade de stakeholders) e reconhece a necessidade de instrumentos mais robustos e de medir impacto longitudinal como trabalho futuro, mas não apresenta seção formal de ameaças à validade cobrindo as dimensões (interna/externa/construto/conclusão) do estudo qualitativo; apenas parte tratada, portanto Parcial.",Seção V (Challenges); Seção VI Conclusions and Future Work,
E63,"Kyakulumbye, S.; Pather, S.; Bagula, A. (2020). Smart City Citizens' Service Provision using Participatory Design and Participatory Sensing: Lessons for Developing Cities. IST-Africa 2020 Conference Proceedings.",AQ1,O objetivo do estudo está claramente definido?,1,"Os objetivos do estudo estão delineados claramente na seção específica de objetivos, focando em avaliar o ambiente político, as arquiteturas de IoT e apresentar um framework de design participativo.","2. Objectives, p. 2",
E63,"Kyakulumbye, S.; Pather, S.; Bagula, A. (2020). Smart City Citizens' Service Provision using Participatory Design and Participatory Sensing: Lessons for Developing Cities. IST-Africa 2020 Conference Proceedings.",AQ2,O contexto de desenvolvimento de software/digital está descrito?,1,"O contexto é detalhadamente descrito como sendo o desenvolvimento de soluções digitais, aplicações móveis e sistemas IoT para serviços de cidades inteligentes (Smart Cities).","1. Introduction e 4.1 Smart City Digital initiatives and enablers, p. 1-3",
E63,"Kyakulumbye, S.; Pather, S.; Bagula, A. (2020). Smart City Citizens' Service Provision using Participatory Design and Participatory Sensing: Lessons for Developing Cities. IST-Africa 2020 Conference Proceedings.",AQ3,A abordagem de ER é explicitada?,1,"A elicitação e análise de requisitos são tratadas abertamente (discovery, gathering, definition), enfatizando requisitos de segurança pública, além de diferenciar requisitos funcionais e não-funcionais no contexto de IoT.","3. Methodology, p. 2 e 6.1 Interview Results Revealing Citizens' Real Needs..., p. 5",
E63,"Kyakulumbye, S.; Pather, S.; Bagula, A. (2020). Smart City Citizens' Service Provision using Participatory Design and Participatory Sensing: Lessons for Developing Cities. IST-Africa 2020 Conference Proceedings.",AQ4,A abordagem de design é explicitada?,1,"A abordagem de Design Participativo (Participatory Design) é fortemente destacada e estendida ao conceito de 'Participatory Sensing', envolvendo cidadãos no ciclo de vida do projeto.","Abstract, p. 1 e 6.2 Towards IoTs architecture of participatory design..., p. 7",
E63,"Kyakulumbye, S.; Pather, S.; Bagula, A. (2020). Smart City Citizens' Service Provision using Participatory Design and Participatory Sensing: Lessons for Developing Cities. IST-Africa 2020 Conference Proceedings.",AQ5,A forma de integração entre ER e design é descrita com detalhes suficientes?,1,O estudo descreve a integração relacionando o processo de Descoberta e Definição de problemas (ER) através da metodologia de 4 iterações de co-design (4Co-Ds) e as enquadrando na arquitetura PD-PS de cidades inteligentes.,"3. Methodology, p. 2 e Figure 4: Layered PD-PS architecture, p. 7",
E63,"Kyakulumbye, S.; Pather, S.; Bagula, A. (2020). Smart City Citizens' Service Provision using Participatory Design and Participatory Sensing: Lessons for Developing Cities. IST-Africa 2020 Conference Proceedings.",AQ6,"Há evidências empíricas, relato de aplicação ou avaliação da abordagem?",1,"Sim, o artigo apresenta evidências de um estudo empírico baseado em design (action research) utilizando entrevistas e pesquisas realizadas com 425 grupos de cidadãos em Mukono, Uganda, resultando na criação de requisitos reais e diagramas de casos de uso.","3. Methodology, p. 2 e 6.1 Interview Results Revealing Citizens' Real Needs..., p. 5-7",
E63,"Kyakulumbye, S.; Pather, S.; Bagula, A. (2020). Smart City Citizens' Service Provision using Participatory Design and Participatory Sensing: Lessons for Developing Cities. IST-Africa 2020 Conference Proceedings.",AQ7,"Benefícios, limitações ou desafios são relatados?",1,"Os autores relatam benefícios como a criação de balanço entre requisitos funcionais e não-funcionais e desafios como barreiras no design de protocolos de segurança, usabilidade de sensores e privacidade de dados em IoT.","Abstract, p. 1 e 7. Conclusions, p. 10",
E63,"Kyakulumbye, S.; Pather, S.; Bagula, A. (2020). Smart City Citizens' Service Provision using Participatory Design and Participatory Sensing: Lessons for Developing Cities. IST-Africa 2020 Conference Proceedings.",AQ8,"As ameaças à validade, limitações ou condições de aplicabilidade são discutidas?",1,"O texto aborda de forma explícita uma grande limitação ('A major limitation of this study...') ligada ao desnível tecnológico do contexto avaliado (Uganda) em relação a outros países, e discute as condições de aplicação baseadas no custo das tecnologias na região.","7. Conclusions, p. 10",
E64,"Haddad, F. B. B.; Almeida, E. M.; Gimenez, C.; L'Erario, A.; Peres, L. M. (2024). Socially Aware Design Workshop to Discover Socio-Technical Requirements: Planning, Execution, and Results. 2024 IEEE Frontiers in Education Conference (FIE).",AQ1,O objetivo do estudo está claramente definido?,1,"O objetivo geral e os objetivos específicos são apresentados claramente na subseção I.A, focando na descoberta de requisitos sociotécnicos para um RPG e no planejamento/execução de um workshop.","I. INTRODUCTION, A. Objective, p. 2",
E64,"Haddad, F. B. B.; Almeida, E. M.; Gimenez, C.; L'Erario, A.; Peres, L. M. (2024). Socially Aware Design Workshop to Discover Socio-Technical Requirements: Planning, Execution, and Results. 2024 IEEE Frontiers in Education Conference (FIE).",AQ2,O contexto de desenvolvimento de software/digital está descrito?,1,O contexto é detalhado: desenvolvimento de um RPG (Role-Playing Game) interativo com elementos de IoT voltado para o ensino de Engenharia de Software (Gerenciamento de Projetos de Software).,"I. INTRODUCTION, p. 1-2",
E64,"Haddad, F. B. B.; Almeida, E. M.; Gimenez, C.; L'Erario, A.; Peres, L. M. (2024). Socially Aware Design Workshop to Discover Socio-Technical Requirements: Planning, Execution, and Results. 2024 IEEE Frontiers in Education Conference (FIE).",AQ3,A abordagem de ER é explicitada?,1,"O estudo foca explicitamente na etapa de levantamento e descoberta de requisitos (gathering/discovery), visando a obtenção de requisitos sociotécnicos e a consolidação de uma lista formal de requisitos.","I. INTRODUCTION, p. 1; III. METHOD, p. 3-4",
E64,"Haddad, F. B. B.; Almeida, E. M.; Gimenez, C.; L'Erario, A.; Peres, L. M. (2024). Socially Aware Design Workshop to Discover Socio-Technical Requirements: Planning, Execution, and Results. 2024 IEEE Frontiers in Education Conference (FIE).",AQ4,A abordagem de design é explicitada?,1,"A abordagem de Socially Aware Design (SAwD) é o cerne do trabalho, utilizando um workshop de design semiparticipativo que aplica técnicas como brainstorming, brainwriting e braindrawing.","II. BACKGROUND, B. SAwD, p. 3; III. METHOD, p. 3-4",
E64,"Haddad, F. B. B.; Almeida, E. M.; Gimenez, C.; L'Erario, A.; Peres, L. M. (2024). Socially Aware Design Workshop to Discover Socio-Technical Requirements: Planning, Execution, and Results. 2024 IEEE Frontiers in Education Conference (FIE).",AQ5,A forma de integração entre ER e design é descrita com detalhes suficientes?,1,"A integração é descrita detalhadamente através de um processo sistemático em que os artefatos de design gerados no workshop (diagrama de stakeholders, board de avaliação, torta de valores e escada semiótica) servem como base direta para a elicitação e extração de requisitos.","III. METHOD e IV. RESULTS AND DISCUSSION, p. 3-7",
E64,"Haddad, F. B. B.; Almeida, E. M.; Gimenez, C.; L'Erario, A.; Peres, L. M. (2024). Socially Aware Design Workshop to Discover Socio-Technical Requirements: Planning, Execution, and Results. 2024 IEEE Frontiers in Education Conference (FIE).",AQ6,"Há evidências empíricas, relato de aplicação ou avaliação da abordagem?",1,"Há um relato detalhado da aplicação empírica do workshop conduzido com 10 participantes, documentando todos os artefatos produzidos no processo.","IV. RESULTS AND DISCUSSION, p. 4-7",
E64,"Haddad, F. B. B.; Almeida, E. M.; Gimenez, C.; L'Erario, A.; Peres, L. M. (2024). Socially Aware Design Workshop to Discover Socio-Technical Requirements: Planning, Execution, and Results. 2024 IEEE Frontiers in Education Conference (FIE).",AQ7,"Benefícios, limitações ou desafios são relatados?",1,"Os benefícios do método (obtenção de visões abrangentes, participação ativa) e os desafios da abordagem (como o cansaço e longo tempo de execução no mesmo dia) são relatados no texto.","V. FINAL CONSIDERATIONS e A. Contributions, p. 7",
E64,"Haddad, F. B. B.; Almeida, E. M.; Gimenez, C.; L'Erario, A.; Peres, L. M. (2024). Socially Aware Design Workshop to Discover Socio-Technical Requirements: Planning, Execution, and Results. 2024 IEEE Frontiers in Education Conference (FIE).",AQ8,"As ameaças à validade, limitações ou condições de aplicabilidade são discutidas?",1,"O artigo possui uma subseção específica (B. Limitations) que discute ameaças como o possível viés no brainstorming, representatividade da amostra em oficinas semiparticipativas e barreiras de tempo/complexidade para replicação da proposta.","V. FINAL CONSIDERATIONS, B. Limitations, p. 8",
E67,"Pinheiro, E. G.; Lopes, L. A.; Conte, T. U.; Zaina, L. A. M. (2018). The contribution of non-technical stakeholders on the specification of UX requirements: an experimental study using the proto-persona technique. XXXII Brazilian Symposium on Software Engineering (SBES 2018).",AQ1,O objetivo do estudo está claramente definido?,1,"Objetivo explícito no resumo e na introdução: investigar a contribuição de stakeholders não técnicos na especificação de requisitos de UX por meio da técnica de proto-persona, com duas RQs formalmente enunciadas (RQ1 e RQ2).","Abstract (Objective); Seção 1 Introdução (RQ1 e RQ2), p. 92-93",
E67,"Pinheiro, E. G.; Lopes, L. A.; Conte, T. U.; Zaina, L. A. M. (2018). The contribution of non-technical stakeholders on the specification of UX requirements: an experimental study using the proto-persona technique. XXXII Brazilian Symposium on Software Engineering (SBES 2018).",AQ2,O contexto de desenvolvimento de software/digital está descrito?,1,"Contexto digital descrito com precisão: domínio de e-learning/m-learning, com cenário concreto de aplicativo móvel de museu interativo para alunos do Ensino Fundamental I, incluindo mídias e modos de interação previstos.","Seção 4 Estudo Experimental; Seção 4.1 Planejamento (cenário), p. 94-95",
E67,"Pinheiro, E. G.; Lopes, L. A.; Conte, T. U.; Zaina, L. A. M. (2018). The contribution of non-technical stakeholders on the specification of UX requirements: an experimental study using the proto-persona technique. XXXII Brazilian Symposium on Software Engineering (SBES 2018).",AQ3,A abordagem de ER é explicitada?,1,"ER explicitada: a elicitação de requisitos é o foco do estudo, com discussão sobre requisitos não funcionais/UX, papéis dos stakeholders técnicos e não técnicos na elicitação e análise dos requisitos de UX descritos nos artefatos.","Seção 1 Introdução; Seção 2 Fundamentos e Trabalhos Relacionados; Seção 5, p. 92-95",
E67,"Pinheiro, E. G.; Lopes, L. A.; Conte, T. U.; Zaina, L. A. M. (2018). The contribution of non-technical stakeholders on the specification of UX requirements: an experimental study using the proto-persona technique. XXXII Brazilian Symposium on Software Engineering (SBES 2018).",AQ4,A abordagem de design é explicitada?,1,"Abordagem de design explicitada e detalhada: técnica de proto-persona de Gothelf (UX Design/IHC), com comparação à persona clássica, adaptação de dois templates em quatro quadrantes e perguntas-guia apresentadas na Figura 1 e Tabela 1.","Seção 3 O Artefato de Proto-Persona (Figura 1 e Tabela 1), p. 94",
E67,"Pinheiro, E. G.; Lopes, L. A.; Conte, T. U.; Zaina, L. A. M. (2018). The contribution of non-technical stakeholders on the specification of UX requirements: an experimental study using the proto-persona technique. XXXII Brazilian Symposium on Software Engineering (SBES 2018).",AQ5,A forma de integração entre ER e design é descrita com detalhes suficientes?,1,"Integração descrita com detalhes: a proto-persona é usada como instrumento de elicitação de requisitos de UX, com seis dimensões de UX (Acesso, Mídia, Organização, Estímulo, Valor, Interação) aplicadas para identificar requisitos nos artefatos e mapear contribuições complementares de cada tipo de stakeholder.","Seção 5.1 Análise (dimensões); Seção 5.2 Resultados (Figuras 2 e 5); Seção 7.1 Discussão, p. 95-100",
E67,"Pinheiro, E. G.; Lopes, L. A.; Conte, T. U.; Zaina, L. A. M. (2018). The contribution of non-technical stakeholders on the specification of UX requirements: an experimental study using the proto-persona technique. XXXII Brazilian Symposium on Software Engineering (SBES 2018).",AQ6,"Há evidências empíricas, relato de aplicação ou avaliação da abordagem?",1,"Estudo experimental real com 13 participantes (8 pedagogos e 5 engenheiros de software), 22 proto-personas produzidas, planejamento/execução/análise segundo Wohlin, codificação aberta em NVivo com dois ciclos de revisão e questionário TAM para aceitação.","Seção 4.1 a 4.3; Seção 5.2; Seção 6.2 (TAM), p. 94-99",
E67,"Pinheiro, E. G.; Lopes, L. A.; Conte, T. U.; Zaina, L. A. M. (2018). The contribution of non-technical stakeholders on the specification of UX requirements: an experimental study using the proto-persona technique. XXXII Brazilian Symposium on Software Engineering (SBES 2018).",AQ7,"Benefícios, limitações ou desafios são relatados?",1,"Benefícios relatados (complementaridade entre stakeholders, enriquecimento da descrição do usuário, viabilidade da participação do não técnico) e limitações do escopo apontadas (requisitos relativos a aplicativo minimalista, necessidade de explorar outros domínios de e-learning).","Seção 7.1 Discussão; Seção 8 Conclusões, p. 100-101",
E67,"Pinheiro, E. G.; Lopes, L. A.; Conte, T. U.; Zaina, L. A. M. (2018). The contribution of non-technical stakeholders on the specification of UX requirements: an experimental study using the proto-persona technique. XXXII Brazilian Symposium on Software Engineering (SBES 2018).",AQ8,"As ameaças à validade, limitações ou condições de aplicabilidade são discutidas?",0.5,"Há seção dedicada a ameaças à validade com mitigações explícitas (interna: cansaço dos participantes; externa: uso de estudantes; instrumentação: treinamento e cenário de exercício; conclusão: uso de dimensões de apoio), mas a validade de construto não é formalmente tratada, não cobrindo as quatro categorias de Wohlin; portanto Parcial.","Seção 7.2 Ameaças à validade, p. 100-101",
E70,"Newman, P.; Ferrario, M. A.; Simm, W.; Forshaw, S.; Friday, A.; Whittle, J. (2015). The Role of Design Thinking and Physical Prototyping in Social Software Engineering. 2015 IEEE/ACM 37th IEEE International Conference on Software Engineering (ICSE) - Software Engineering in Society.",AQ1,O objetivo do estudo está claramente definido?,1,"Objetivo declarado de forma explícita no resumo e reforçado na introdução e conclusão: argumentar o papel do design thinking na Social SE e reportar suas contribuições para (1) definição do espaço do problema, (2) captura de requisitos do usuário e (3) design de funcionalidades de um sistema de previsão de energia renovável.","Abstract, p. 487; Seção I Introduction, p. 487; Seção VIII Conclusion, p. 495",
E70,"Newman, P.; Ferrario, M. A.; Simm, W.; Forshaw, S.; Friday, A.; Whittle, J. (2015). The Role of Design Thinking and Physical Prototyping in Social Software Engineering. 2015 IEEE/ACM 37th IEEE International Conference on Software Engineering (ICSE) - Software Engineering in Society.",AQ2,O contexto de desenvolvimento de software/digital está descrito?,1,"Contexto de desenvolvimento descrito com precisão: projeto OnSupply de 9 meses, comunidade da ilha de Tiree (Escócia), 12 protótipos físicos e digitais, e desenvolvimento iterativo da aplicação web Tiree Energy Pulse (dados da Met Office API, lookup de kW da turbina E-44) implantada em 8 domicílios ao longo de 5 semanas.","Seção I, p. 487; Seção IV OnSupply: A Case Study, p. 490; Seção V.A e V.B Tiree Energy Pulse, pp. 492-493",
E70,"Newman, P.; Ferrario, M. A.; Simm, W.; Forshaw, S.; Friday, A.; Whittle, J. (2015). The Role of Design Thinking and Physical Prototyping in Social Software Engineering. 2015 IEEE/ACM 37th IEEE International Conference on Software Engineering (ICSE) - Software Engineering in Society.",AQ3,A abordagem de ER é explicitada?,1,"Atividades de ER explicitadas ao longo do texto: elicitação de requisitos por workshops orientados a artefatos, entrevistas em profundidade e observação quase etnográfica; geração de 16 requisitos de alto nível no segundo workshop; priorização de funcionalidades em grupo de discussão; e rastreabilidade requisito-funcionalidade documentada na Tabela I, com marcação de requisitos implícitos.","Seção III DivingBoard, p. 488; Seção IV.C.2 Output, p. 491; Seção V.B Development and Deployment, p. 493; Tabela I, p. 494",
E70,"Newman, P.; Ferrario, M. A.; Simm, W.; Forshaw, S.; Friday, A.; Whittle, J. (2015). The Role of Design Thinking and Physical Prototyping in Social Software Engineering. 2015 IEEE/ACM 37th IEEE International Conference on Software Engineering (ICSE) - Software Engineering in Society.",AQ4,A abordagem de design é explicitada?,1,"Abordagem de design explicitada e operacionalizada: Design Thinking (com definição de trabalho adotada) e Participatory Design fundamentados na Seção II, e o componente DivingBoard detalhado em seis passos nomeados (Approach, Develop, Present and Provoke, Explore, Reflect, Escape) com ciclo iterativo ilustrado na Figura 1 e uso de artefatos físicos, jogos baseados em cenário e protótipos de baixa fidelidade.","Seção II.A e II.B, p. 488; Seção III.A DivingBoard Overview e Figura 1, p. 489; Seção III.B Physical Artefacts, p. 489",
E70,"Newman, P.; Ferrario, M. A.; Simm, W.; Forshaw, S.; Friday, A.; Whittle, J. (2015). The Role of Design Thinking and Physical Prototyping in Social Software Engineering. 2015 IEEE/ACM 37th IEEE International Conference on Software Engineering (ICSE) - Software Engineering in Society.",AQ5,A forma de integração entre ER e design é descrita com detalhes suficientes?,1,"Integração descrita com detalhe operacional: DivingBoard é embutido nos passos prepare e design do framework ágil-participativo Speedplay, explora o espaço do problema antes da elicitação e, na etapa Escape, encerra com a lista de requisitos elicitados que alimenta o desenvolvimento dos protótipos; a Tabela I evidencia a transição artefato/feedback para requisito e para funcionalidade em cada versão do TEP.","Seção III, p. 488; Seção III.A passo Escape, p. 489; Seção IV.B a IV.D, pp. 490-491; Tabela I, p. 494",
E70,"Newman, P.; Ferrario, M. A.; Simm, W.; Forshaw, S.; Friday, A.; Whittle, J. (2015). The Role of Design Thinking and Physical Prototyping in Social Software Engineering. 2015 IEEE/ACM 37th IEEE International Conference on Software Engineering (ICSE) - Software Engineering in Society.",AQ6,"Há evidências empíricas, relato de aplicação ou avaliação da abordagem?",1,"Aplicação real documentada como estudo de caso longitudinal: projeto OnSupply de 9 meses com cerca de 240 pessoa-dias na ilha, workshop de elicitação de temas com 16 participantes (16-60 anos), workshop de restrições de design com 8 participantes gerando mais de 60 artefatos, workshop de refinamento com o protótipo Datarium e implantação avaliada do TEP em 8 domicílios por 5 semanas com entrevistas semanais e citações diretas dos participantes.","Seção IV, p. 490; Seção IV.B.1 e IV.C.1, pp. 490-491; Seção V.B, p. 493; Seção VI Reflection, pp. 493-494",
E70,"Newman, P.; Ferrario, M. A.; Simm, W.; Forshaw, S.; Friday, A.; Whittle, J. (2015). The Role of Design Thinking and Physical Prototyping in Social Software Engineering. 2015 IEEE/ACM 37th IEEE International Conference on Software Engineering (ICSE) - Software Engineering in Society.",AQ7,"Benefícios, limitações ou desafios são relatados?",1,"Benefícios e desafios explicitamente reportados: seção Lessons Learnt com três lições (abraçar investigação aberta, dados qualitativos agregam profundidade, papel da confiança), benefícios de propriedade psicológica e mudança de comportamento, e desafios como desconfiança de comunidades pequenas em relação a forasteiros, banda larga precária impedindo presença durante o desenvolvimento e o efeito de novidade com baixo uso habitual do TEP.","Seção VI.A Developing a Community Relationship, p. 493; Seção VI.B Lessons Learnt, pp. 494-495; Seção V.B, p. 493",
E70,"Newman, P.; Ferrario, M. A.; Simm, W.; Forshaw, S.; Friday, A.; Whittle, J. (2015). The Role of Design Thinking and Physical Prototyping in Social Software Engineering. 2015 IEEE/ACM 37th IEEE International Conference on Software Engineering (ICSE) - Software Engineering in Society.",AQ8,"As ameaças à validade, limitações ou condições de aplicabilidade são discutidas?",0.5,"Não há seção formal de ameaças à validade nem uso das quatro dimensões de Wohlin (interna, externa, construto, conclusão); o estudo discute apenas condições de aplicabilidade e limitações contextuais de forma dispersa: contexto de Social SE com problemas wicked, heurística informal sem definição formal de quando sintetizar a solução, atribuição do baixo uso ao efeito de novidade e amostra pequena e específica de uma comunidade insular remota, sem análise de generalização ou de viés dos pesquisadores participantes.","Seção III.A, p. 489; Seção VI.A, pp. 493-494; Seção VI.B, p. 495; Seção VIII, pp. 495-496",
E72,"Alkhomsan, M. N.; Baslyman, M.; Alshayeb, M. (2022). Toward Emotion-Oriented Requirements Engineering: A Case Study of a Virtual Clinics Application. 2022 IEEE 30th International Requirements Engineering Conference Workshops (REW).",AQ1,O objetivo do estudo está claramente definido?,1,"Objetivo explicitado no resumo e detalhado na introdução: investigar o potencial de elicitar e modelar requisitos emocionais no desenvolvimento de software, com três contribuições enumeradas (três tipos de metas emocionais, uso do modelo circumplexo para elicitação e sintaxe/metamodelo de requisitos emocionais).","Abstract, p. 48; Seção I Introduction, pp. 48-49; Seção VI Conclusion, p. 55",
E72,"Alkhomsan, M. N.; Baslyman, M.; Alshayeb, M. (2022). Toward Emotion-Oriented Requirements Engineering: A Case Study of a Virtual Clinics Application. 2022 IEEE 30th International Requirements Engineering Conference Workshops (REW).",AQ2,O contexto de desenvolvimento de software/digital está descrito?,1,"Contexto digital descrito com especificidade: plataforma nacional de saúde Sehaty do Ministério da Saúde da Arábia Saudita, com serviços listados (agendamentos COVID-19, consultas virtuais, relatórios médicos, consulta em tempo real), e recorte na funcionalidade de clínicas virtuais com duas metas analisadas (Book Virtual Appointment e Book Immediate Consultation).","Seção IV Case Study, p. 52; Seção IV.A, pp. 52-53; Seção I, p. 48",
E72,"Alkhomsan, M. N.; Baslyman, M.; Alshayeb, M. (2022). Toward Emotion-Oriented Requirements Engineering: A Case Study of a Virtual Clinics Application. 2022 IEEE 30th International Requirements Engineering Conference Workshops (REW).",AQ3,A abordagem de ER é explicitada?,1,"Atividades de ER explicitadas e operacionalizadas: elicitação por entrevistas semiestruturadas e protocolo think-aloud com passos descritos, especificação por template de requisito com campos definidos (sujeito, verbo modal, operação, qualificador, papel, emoção, condição), metamodelo em UML 2.0 e modelagem orientada a objetivos em GRL/URN com a ferramenta jUCMNav.","Seção III.B, pp. 50-51; Seção III.C e Tabela II, p. 51; Seção III.D e Tabela III, p. 52",
E72,"Alkhomsan, M. N.; Baslyman, M.; Alshayeb, M. (2022). Toward Emotion-Oriented Requirements Engineering: A Case Study of a Virtual Clinics Application. 2022 IEEE 30th International Requirements Engineering Conference Workshops (REW).",AQ4,A abordagem de design é explicitada?,0.5,"A orientação centrada no usuário é operacionalizada por instrumentos de UX (protocolo think-aloud adaptado para captura de emoções, modelo circumplexo de valência e arousal, foco em aceitação e experiência do usuário), mas nenhuma abordagem de design é nomeada ou fundamentada como método: não há Design Thinking, Service Design, UCD/HCD, Co-Design ou UX Design declarados, e o termo design aparece majoritariamente como referência genérica a HCI e ao campo do design.","Seção III.B Think-aloud Protocol, p. 51; Fig. 1 modelo circumplexo, p. 51; Seção II.B e II.C, pp. 49-50",
E72,"Alkhomsan, M. N.; Baslyman, M.; Alshayeb, M. (2022). Toward Emotion-Oriented Requirements Engineering: A Case Study of a Virtual Clinics Application. 2022 IEEE 30th International Requirements Engineering Conference Workshops (REW).",AQ5,A forma de integração entre ER e design é descrita com detalhes suficientes?,0.5,"A cadeia técnica interna é detalhada e rastreável (emoções elicitadas via think-aloud, mapeamento explícito Usuário-Ator, Emoção-Soft Goal e Condição-Elemento Intencional, atribuição de pesos de contribuição por analistas com dois critérios declarados e derivação de requisitos funcionais a partir de emoções negativas), porém a integração é entre ER e modelagem de objetivos, e não com um processo de design colaborativo ou centrado no usuário formalizado; a articulação com práticas de design permanece implícita.","Tabela III, p. 52; Seção IV.B e Fig. 4, p. 54; Seção V Discussion requisitos derivados, p. 55",
E72,"Alkhomsan, M. N.; Baslyman, M.; Alshayeb, M. (2022). Toward Emotion-Oriented Requirements Engineering: A Case Study of a Virtual Clinics Application. 2022 IEEE 30th International Requirements Engineering Conference Workshops (REW).",AQ6,"Há evidências empíricas, relato de aplicação ou avaliação da abordagem?",1,"Aplicação real reportada com dados primários: estudo de caso na aplicação Sehaty com cinco participantes recrutados por amostragem por julgamento, caracterizados por gênero, idade, nível de experiência e frequência de uso, entrevistas gravadas e codificadas por análise temática, sessões de think-aloud sobre duas funcionalidades reais, emoções elicitadas tabuladas com frequências e modelo GRL construído a partir dos dados coletados.","Seção IV.A e Tabelas IV, V e VI, pp. 52-53; Fig. 3, p. 53; Seção IV.B e Fig. 4, p. 54",
E72,"Alkhomsan, M. N.; Baslyman, M.; Alshayeb, M. (2022). Toward Emotion-Oriented Requirements Engineering: A Case Study of a Virtual Clinics Application. 2022 IEEE 30th International Requirements Engineering Conference Workshops (REW).",AQ7,"Benefícios, limitações ou desafios são relatados?",1,"Benefícios e desafios reportados de forma explícita: ganho de eficácia do think-aloud sobre entrevistas na captura de emoções negativas, insights sobre funcionalidades a adicionar ou modificar, dificuldade de elicitar emoções ligadas a objetos e eventos em participantes experientes, e parágrafo dedicado às limitações declarando que a abordagem é imatura, que é cedo para concluir sobre o vínculo entre requisitos emocionais e funcionais e que faltam métodos formais e sistemáticos de análise.","Seção V Discussion, pp. 54-55; Seção IV.B, p. 54",
E72,"Alkhomsan, M. N.; Baslyman, M.; Alshayeb, M. (2022). Toward Emotion-Oriented Requirements Engineering: A Case Study of a Virtual Clinics Application. 2022 IEEE 30th International Requirements Engineering Conference Workshops (REW).",AQ8,"As ameaças à validade, limitações ou condições de aplicabilidade são discutidas?",0.5,"Não há seção formal de ameaças à validade nem uso das quatro dimensões de Wohlin (interna, externa, construto, conclusão); o estudo discute apenas limitações da proposta e condições de aplicabilidade (imaturidade da abordagem, necessidade de experimentação adicional, dependência do domínio quanto ao conjunto de emoções evocadas), sem tratar ameaças à validade da evidência empírica como a amostra de apenas cinco participantes, a subjetividade na atribuição dos pesos de contribuição pelos analistas ou a simplificação declarada do modelo ao omitir parte das emoções elicitadas.","Seção V parágrafo final de limitações, p. 55; Seção IV.B, p. 54; Seção VI Conclusion, p. 55",
E74,"Pereira, L.; Parizi, R.; Prestes, M.; Marczak, S.; Conte, T. (2021). Towards an Understanding of Benefits and Challenges in the Use of Design Thinking in Requirements Engineering. The 36th ACM/SIGAPP Symposium on Applied Computing (SAC '21).",AQ1,O objetivo do estudo está claramente definido?,1,"Objetivo declarado de forma explícita no resumo e reforçado na introdução com questão de pesquisa entre aspas: caracterizar quais benefícios e desafios do Design Thinking foram percebidos em engenharia de requisitos pela comunidade brasileira de desenvolvimento de software, respondendo a What were the perceived benefits and challenges of DT adoption in requirements engineering.","Abstract, p. 1338; Seção 1 Introduction, p. 1338; Seção 3 Research Method, p. 1339",
E74,"Pereira, L.; Parizi, R.; Prestes, M.; Marczak, S.; Conte, T. (2021). Towards an Understanding of Benefits and Challenges in the Use of Design Thinking in Requirements Engineering. The 36th ACM/SIGAPP Symposium on Applied Computing (SAC '21).",AQ2,O contexto de desenvolvimento de software/digital está descrito?,1,"Contexto industrial de desenvolvimento de software descrito com detalhe: profissionais brasileiros de empresas do TECNOPUC e da rede LinkedIn, caracterizados na Tabela 1 por papel (UX Designer, Service Designer, Scrum Master, desenvolvedor, diretor de tecnologia), porte da organização (pequena, média, grande e grande global), tempo de casa, experiência prévia e contexto setorial (tecnologia e financeiro); no survey, 49% com mais de oito anos em TI e 64% nos papéis de Agile Coach, UX/UI Designer e Facilitator.","Seção 3.1 Focus Group e Tabela 1, pp. 1339-1340; Seção 3.2 Survey, p. 1341",
E74,"Pereira, L.; Parizi, R.; Prestes, M.; Marczak, S.; Conte, T. (2021). Towards an Understanding of Benefits and Challenges in the Use of Design Thinking in Requirements Engineering. The 36th ACM/SIGAPP Symposium on Applied Computing (SAC '21).",AQ3,A abordagem de ER é explicitada?,1,"A ER é explicitada conceitualmente como processo sistemático de elicitação, análise e negociação, documentação, validação e gestão de requisitos, ancorada em Kotonya e Sommerville, e operacionalizada nos resultados por benefícios e desafios referentes a atividades específicas: coleta de requisitos, definição e especificação de requisitos, entendimento do problema e identificação de necessidades reais.","Seção 2 Design Thinking in Requirements Engineering, p. 1339; Seção 4.2 e Tabela 2 itens SB14 e SB04, p. 1342; Seção 4.1, p. 1341",
E74,"Pereira, L.; Parizi, R.; Prestes, M.; Marczak, S.; Conte, T. (2021). Towards an Understanding of Benefits and Challenges in the Use of Design Thinking in Requirements Engineering. The 36th ACM/SIGAPP Symposium on Applied Computing (SAC '21).",AQ4,A abordagem de design é explicitada?,1,"Design Thinking é a abordagem central e está explicitada com definição (abordagem centrada no humano que integra necessidades das pessoas, possibilidades tecnológicas e sucesso do negócio), fundamentação em Brown e Brenner et al., e detalhamento das três fases adotadas: Immersion (com imersão preliminar e em profundidade), Ideation e Prototyping, além da caracterização como mindset, processo e toolbox.","Seção 2 Design Thinking in Requirements Engineering, p. 1339; Seção 6 Related Work, p. 1344",
E74,"Pereira, L.; Parizi, R.; Prestes, M.; Marczak, S.; Conte, T. (2021). Towards an Understanding of Benefits and Challenges in the Use of Design Thinking in Requirements Engineering. The 36th ACM/SIGAPP Symposium on Applied Computing (SAC '21).",AQ5,A forma de integração entre ER e design é descrita com detalhes suficientes?,0.5,"A articulação ER-design é caracterizada conceitualmente (DT como metodologia para elicitar necessidades e gerar protótipos que convergem para soluções, com três formas de apoio: foco no usuário, procedimento ágil para problemas wicked e estímulo à criatividade) e evidenciada empiricamente pela percepção dos profissionais, mas o estudo não descreve um mecanismo operacional de integração: não há processo, fluxo de fases, artefatos de transição entre DT e ER nem mapeamento entre técnicas de DT e atividades específicas do processo de requisitos.","Seção 2 parágrafos finais, p. 1339; Seção 5 Discussion, pp. 1342-1344; Seção 7 e Tabela 5, pp. 1344-1345",
E74,"Pereira, L.; Parizi, R.; Prestes, M.; Marczak, S.; Conte, T. (2021). Towards an Understanding of Benefits and Challenges in the Use of Design Thinking in Requirements Engineering. The 36th ACM/SIGAPP Symposium on Applied Computing (SAC '21).",AQ6,"Há evidências empíricas, relato de aplicação ou avaliação da abordagem?",1,"Estudo empírico com métodos mistos e amostra substantiva: sete sessões de focus group entre fevereiro e abril de 2019 com 39 profissionais (média de 88 minutos por sessão, gravadas e transcritas, analisadas por análise de conteúdo de Krippendorff em três codificadores independentes) e survey aplicado entre setembro e dezembro de 2019 a 466 profissionais com 158 respostas (taxa de 33,9%), com resultados quantificados por frequência de citação nas Tabelas 2 e 3.","Seção 3.1, pp. 1339-1341; Seção 3.2, p. 1341; Seção 4.1, p. 1341; Seção 4.2 e Tabelas 2 e 3, pp. 1342-1343",
E74,"Pereira, L.; Parizi, R.; Prestes, M.; Marczak, S.; Conte, T. (2021). Towards an Understanding of Benefits and Challenges in the Use of Design Thinking in Requirements Engineering. The 36th ACM/SIGAPP Symposium on Applied Computing (SAC '21).",AQ7,"Benefícios, limitações ou desafios são relatados?",1,"Benefícios e desafios constituem o próprio objeto do estudo e são reportados de forma sistemática e quantificada: 14 benefícios na Tabela 2 (aumento de colaboração 37,3%, melhor entendimento 36,1%, identificação de necessidades reais e definição assertiva da solução 15,2% cada) e 20 desafios na Tabela 3 (tempo suficiente 19,1%, engajamento das pessoas 16,5%, falta de valorização 14,6%, necessidade de transformação cultural 9,5%), complementados por citações diretas dos participantes e por 11 recomendações práticas na Tabela 5.","Seção 4.1, p. 1341; Seção 4.2 e Tabelas 2 e 3, pp. 1342-1343; Seção 5 Discussion, pp. 1342-1344; Tabela 5, p. 1344",
E74,"Pereira, L.; Parizi, R.; Prestes, M.; Marczak, S.; Conte, T. (2021). Towards an Understanding of Benefits and Challenges in the Use of Design Thinking in Requirements Engineering. The 36th ACM/SIGAPP Symposium on Applied Computing (SAC '21).",AQ8,"As ameaças à validade, limitações ou condições de aplicabilidade são discutidas?",0.5,"Há seção dedicada a limitações que discute explicitamente ameaças à generalização (limitações típicas de estudos qualitativos segundo Singer et al., amostra restrita ao Brasil, respostas que representam a visão do profissional e não da organização, amostras significativas porém não representativas) e condições de aplicabilidade (uso de DT em contextos distintos pelos participantes), mas não adota estrutura formal de ameaças à validade nas quatro dimensões de Wohlin: não são tratadas validade de construto, validade interna (viés do moderador, que é autor do artigo e possui experiência prática em DT, e viés de seleção por snowballing) nem validade de conclusão.","Seção 8 Final Considerations and Limitations, p. 1345; Seção 3.1, p. 1339",
E75,"Amiribesheli, M.; Bouchachia, A. (2016). Towards Dementia-friendly Smart Homes. 2016 IEEE 40th Annual Computer Software and Applications Conference (COMPSAC).",AQ1,O objetivo do estudo está claramente definido?,1,"Objetivos principais enunciados de forma explícita e enumerada ao final da introdução: elicitar requisitos de pessoas com demência vivendo em Smart Homes aplicando ferramentas baseadas na metodologia UCD, desenvolver um protótipo funcional a partir dos requisitos elicitados e avaliar o protótipo para assegurar efeito positivo na experiência dos usuários; objetivo reafirmado no resumo.","Abstract, p. 638; Seção 1 Introduction parágrafo final, p. 639",
E75,"Amiribesheli, M.; Bouchachia, A. (2016). Towards Dementia-friendly Smart Homes. 2016 IEEE 40th Annual Computer Software and Applications Conference (COMPSAC).",AQ2,O contexto de desenvolvimento de software/digital está descrito?,1,"Contexto de desenvolvimento descrito com alto nível de detalhe técnico: arquitetura do sistema na Figura 2, hardware (sensores PIR e contact switch, kit e-health, Raspberry Pi B como gateway com replicação por FTP para máquina de backup) e software (middleware openHAB baseado em OSGi para implementar SOA, kernel em Python com modelo Fuzzy Rule-based, interfaces desenvolvidas em PHP e JavaScript para computadores, tablets e celulares).","Seção 4.1 e Figura 2, p. 641; Seção 5.1 Hardware Components, pp. 642-643; Seção 5.2 Software Components, pp. 643-644",
E75,"Amiribesheli, M.; Bouchachia, A. (2016). Towards Dementia-friendly Smart Homes. 2016 IEEE 40th Annual Computer Software and Applications Conference (COMPSAC).",AQ3,A abordagem de ER é explicitada?,1,"Atividades de ER explicitadas e operacionalizadas: fase 3 do ciclo dedicada à elicitação de requisitos funcionais por reformulação dos cenários em tabelas de casos de uso (um caso de uso por cenário, com título, conceito, racional das reações do sistema, cenário e componentes requeridos, exemplificados nas Tabelas 2 e 3) e elicitação de três requisitos não funcionais (modularidade, distribuição e integração transparente) a partir da análise do feedback dos entrevistados, cada um desdobrado em considerações de projeto.","Seção 2.3 Phase 3, pp. 639-640; Seção 4 Requirements Analysis, p. 641; Tabelas 2 e 3, p. 642; Seção 4.1.1 a 4.1.3, p. 641",
E75,"Amiribesheli, M.; Bouchachia, A. (2016). Towards Dementia-friendly Smart Homes. 2016 IEEE 40th Annual Computer Software and Applications Conference (COMPSAC).",AQ4,A abordagem de design é explicitada?,1,"User-Centred Design é declarado como ponto de vista dominante de desenvolvimento e explicitado em seção própria, com definição ancorada na norma ISO 9241-210 e descrição de como os stakeholders participam de todas as etapas (validação de cenários na coleta, incorporação de solicitações na especificação e no desenvolvimento, validação do sistema pelos formal caregivers na avaliação); as ferramentas de UCD adotadas são nomeadas e detalhadas: cenários, personas e níveis de intervenção.","Seção 3.1 User-Centered Design, p. 640; Seção 3.3 Scenarios, pp. 640-641; Seção 3.2 Intervention Levels, p. 640",
E75,"Amiribesheli, M.; Bouchachia, A. (2016). Towards Dementia-friendly Smart Homes. 2016 IEEE 40th Annual Computer Software and Applications Conference (COMPSAC).",AQ5,A forma de integração entre ER e design é descrita com detalhes suficientes?,1,"Integração descrita como ciclo de desenvolvimento de cinco fases ilustrado na Figura 1, com cadeia rastreável de artefatos: sintomas da literatura filtrados de 25 para 11, transformados em cenários com personas, validados por entrevistas com encenação em casa de bonecas, convertidos em casos de uso que geram requisitos funcionais e componentes de hardware e software, os quais alimentam a arquitetura, o protótipo e a avaliação final com os cuidadores; a Tabela 1 lista os cenários resultantes e o texto explicita o papel das personas na facilitação das entrevistas.","Figura 1 e Seções 2.1 a 2.5, pp. 639-640; Seção 3.3, pp. 640-641; Tabela 1, p. 641; Seção 4, p. 641",
E75,"Amiribesheli, M.; Bouchachia, A. (2016). Towards Dementia-friendly Smart Homes. 2016 IEEE 40th Annual Computer Software and Applications Conference (COMPSAC).",AQ6,"Há evidências empíricas, relato de aplicação ou avaliação da abordagem?",1,"Há aplicação real e avaliação estruturada: protótipo funcional implementado e submetido a avaliação com cinco especialistas geriatras em duas sessões de 45 minutos cada, com questionário aplicado antes e depois da apresentação do sistema, três medidas definidas (importance, difficulty e effect), 84 questões respondidas por participante e resultados quantificados por escores calculados, com queda do escore médio de dificuldade de 15,1 para 5,6 e aumento do escore de efetividade de 16,2 para 16,73; participaram ainda quatro social caregivers e dois psicólogos na validação dos cenários.","Seção 6 Evaluation, pp. 644-645; Seção 6.1 e 6.2, p. 645; Figuras 7 e 8, p. 646; Seção 2.2, p. 639",
E75,"Amiribesheli, M.; Bouchachia, A. (2016). Towards Dementia-friendly Smart Homes. 2016 IEEE 40th Annual Computer Software and Applications Conference (COMPSAC).",AQ7,"Benefícios, limitações ou desafios são relatados?",1,"Benefícios e desafios reportados explicitamente na discussão: identificação de duas falhas fundamentais da elicitação por entrevista direta (pessoas com demência não conseguem expressar todas as necessidades e cuidadores esquecem sintomas), superadas pela abordagem com ferramentas de UCD e gatilhos de criatividade que produziram participação e feedback mais ricos; benefícios de redução drástica da dificuldade do cuidado, papel dos requisitos não funcionais na aceitabilidade do sistema e desafio declarado do reconhecimento de microcontextos em ambiente real.","Seção 7 Discussion, p. 646; Seção 6.2, p. 645",
E75,"Amiribesheli, M.; Bouchachia, A. (2016). Towards Dementia-friendly Smart Homes. 2016 IEEE 40th Annual Computer Software and Applications Conference (COMPSAC).",AQ8,"As ameaças à validade, limitações ou condições de aplicabilidade são discutidas?",0.5,"Não há seção formal de ameaças à validade nem tratamento das quatro dimensões de Wohlin (interna, externa, construto, conclusão); a discussão reconhece limitações relevantes da evidência de forma dispersa (todos os participantes eram formal caregivers, com visão pragmática e sem envolvimento no cotidiano dos pacientes; dificuldade de prever o impacto de longo prazo sem observação em ambiente real; sucesso na detecção de macrocontextos apoiado em dados simulados limpos, sendo o reconhecimento de microcontextos muito mais difícil em cenário real), mas não discute a amostra de apenas cinco avaliadores, o viés de avaliação conduzida pelos próprios autores nem a validade do instrumento de escores adotado.","Seção 7 Discussion, p. 646; Seção 6.1, p. 645; Seção 2.5, p. 640",
E79,"Levy, M.; Krebs, A.; Hadar, I.; Barak, I. (2021). When the Developers Become the (Micro) Crowd: An Educational Case Study on Multidisciplinary Requirements Engineering. 2021 IEEE 29th International Requirements Engineering Conference Workshops (REW).",AQ1,O objetivo do estudo está claramente definido?,1,Objetivo declarado no resumo (examinar a influência do ambiente colaborativo nas atividades de ER das micro-crowds) e operacionalizado em duas questões de pesquisa explícitas sobre como as MCs realizaram ER praticando DT e como a ferramenta colaborativa estruturada fomentou DT na ER.,"Abstract, p. 313; Seção I - Introduction, p. 314",
E79,"Levy, M.; Krebs, A.; Hadar, I.; Barak, I. (2021). When the Developers Become the (Micro) Crowd: An Educational Case Study on Multidisciplinary Requirements Engineering. 2021 IEEE 29th International Requirements Engineering Conference Workshops (REW).",AQ2,O contexto de desenvolvimento de software/digital está descrito?,0.5,"O contexto acadêmico-educacional é bem descrito (Jam week, 700 estudantes de engenharia e design, cinco organizações sociais, plataforma digital Miro e Zoom), mas o desenvolvimento propriamente dito de software não ocorre: as entregas são conceitos de solução apresentados em vídeos de 3 minutos e pôsteres, sem implementação ou projeto técnico de sistema.","Seção I, p. 313-314; Seção IV.A - Context, p. 315",
E79,"Levy, M.; Krebs, A.; Hadar, I.; Barak, I. (2021). When the Developers Become the (Micro) Crowd: An Educational Case Study on Multidisciplinary Requirements Engineering. 2021 IEEE 29th International Requirements Engineering Conference Workshops (REW).",AQ3,A abordagem de ER é explicitada?,1,"A abordagem de ER é nomeada e fundamentada em seção dedicada: MC-based RE (micro-crowd based requirements engineering) como variante gradual de crowd-based RE, com origem, propósito (mitigar baixo engajamento da crowd) e a adaptação proposta neste estudo (MCs de desenvolvedores multidisciplinares em vez de MCs de usuários finais).","Seção II - Micro-Crowd-Based Requirements Engineering, p. 314",
E79,"Levy, M.; Krebs, A.; Hadar, I.; Barak, I. (2021). When the Developers Become the (Micro) Crowd: An Educational Case Study on Multidisciplinary Requirements Engineering. 2021 IEEE 29th International Requirements Engineering Conference Workshops (REW).",AQ4,A abordagem de design é explicitada?,1,"Design Thinking é explicitado em seção própria sob três perspectivas (mindset, processo e toolbox), com as etapas efetivamente praticadas (Empathy, Define, Ideate, Prototype) e as ferramentas empregadas: persona, empathy map com as quatro categorias Says/Does/Thinks/Feels, brainstorming divergente-convergente e prototipação.","Seção III - Design Thinking, p. 315; Seção IV.A, p. 315",
E79,"Levy, M.; Krebs, A.; Hadar, I.; Barak, I. (2021). When the Developers Become the (Micro) Crowd: An Educational Case Study on Multidisciplinary Requirements Engineering. 2021 IEEE 29th International Requirements Engineering Conference Workshops (REW).",AQ5,A forma de integração entre ER e design é descrita com detalhes suficientes?,0.5,"A integração é descrita no nível do processo (as etapas de DT no quadro colaborativo servem como veículo das atividades de ER das MCs e o modelo de parallel MC-based RE generaliza o arranjo), mas a descrição de como as necessidades levantadas foram convertidas em requisitos permanece superficial: afirma-se que o processo ajudou a extrair os elementos básicos das necessidades e a identificar requisitos, sem detalhar artefatos, notação ou procedimento de especificação.","Seção IV.C, p. 315; Seção IV.D, p. 317-318; Seção V - Parallel MC-Based RE, p. 318",
E79,"Levy, M.; Krebs, A.; Hadar, I.; Barak, I. (2021). When the Developers Become the (Micro) Crowd: An Educational Case Study on Multidisciplinary Requirements Engineering. 2021 IEEE 29th International Requirements Engineering Conference Workshops (REW).",AQ6,"Há evidências empíricas, relato de aplicação ou avaliação da abordagem?",1,"Há aplicação real em evento de quatro dias com 700 estudantes, cinco organizações sociais e MCs de 5-6 grupos cada, com método de pesquisa declarado (estudo de caso com análise qualitativa dos dados registrados nos quadros online das equipes) e apresentação de dados primários extraídos das notas dos participantes e dos relatos diários.","Seção IV.B - Research method, p. 315; Seção IV.D, p. 315 e 318",
E79,"Levy, M.; Krebs, A.; Hadar, I.; Barak, I. (2021). When the Developers Become the (Micro) Crowd: An Educational Case Study on Multidisciplinary Requirements Engineering. 2021 IEEE 29th International Requirements Engineering Conference Workshops (REW).",AQ7,"Benefícios, limitações ou desafios são relatados?",1,"Benefícios relatados de forma explícita (documentação do processo, das alternativas e do racional de decisão que normalmente se perdem em processos de DT; visão ampliada dos stakeholders; criatividade elogiada pelas organizações; mitigação de riscos por identificação de pressupostos equivocados) e desafios reportados a partir dos relatórios diários dos estudantes: fadiga de Zoom e pressão do formato intensivo de quatro dias.","Seção IV.D, p. 318; Seção VI - Discussion and Conclusion, p. 318",
E79,"Levy, M.; Krebs, A.; Hadar, I.; Barak, I. (2021). When the Developers Become the (Micro) Crowd: An Educational Case Study on Multidisciplinary Requirements Engineering. 2021 IEEE 29th International Requirements Engineering Conference Workshops (REW).",AQ8,"As ameaças à validade, limitações ou condições de aplicabilidade são discutidas?",0.5,"Há reconhecimento explícito de limitação de generalização por se tratar de execução única, com indicação de condições de aplicabilidade a serem verificadas (replicação em outros contextos educacionais e em ambiente empresarial), mas não há seção formal de ameaças à validade nem tratamento das dimensões de validade interna, de construto ou de conclusão da evidência qualitativa coletada.","Seção VI - Discussion and Conclusion, p. 318",